time,status,battery,groundspeed,attitude,home,gimbalRotation,armed,armable,airspeed,id,location,velocity,heading,mode,
2017_07_18__12-24-21_121,ACTIVE,{'current': 0.0; 'voltage': 0.0; 'level': 100},0.0,{'y': 0.10829530656337738; 'x': 0.00011913018533959985; 'z': -0.00014320020272862166},{'y': 0; 'x': 0; 'z': 0},{'y': 0; 'x': 0; 'z': 0},False,False,0.0,SITL_0,{'y': 0.0; 'x': 0.0; 'z': 0.0},{'y': 0.0; 'x': 0.0; 'z': 0.0},6,STABILIZE
2017_07_18__12-24-21_221,ACTIVE,{'current': 0.0; 'voltage': 0.0; 'level': 100},0.0,{'y': 0.10829530656337738; 'x': 0.00011913018533959985; 'z': -0.00014320020272862166},{'y': 0; 'x': 0; 'z': 0},{'y': 0; 'x': 0; 'z': 0},False,False,0.0,SITL_0,{'y': 0.0; 'x': 0.0; 'z': 0.0},{'y': 0.0; 'x': 0.0; 'z': 0.0},6,STABILIZE
2017_07_18__12-24-21_321,ACTIVE,{'current': 0.0; 'voltage': 12.587; 'level': 100},0.0,{'y': 0.10833724588155746; 'x': 0.00016106302791740745; 'z': -0.00011037971853511408},{'y': 0; 'x': 0; 'z': 0},{'y': 0; 'x': 0; 'z': 0},False,False,0.0,SITL_0,{'y': 0.0; 'x': 0.0; 'z': 0.0},{'y': 0.0; 'x': 0.0; 'z': 0.0},6,STABILIZE
2017_07_18__12-24-21_421,ACTIVE,{'current': 0.0; 'voltage': 12.587; 'level': 100},0.0,{'y': 0.10833724588155746; 'x': 0.00016106302791740745; 'z': -0.00011037971853511408},{'y': 0; 'x': 0; 'z': 0},{'y': 0; 'x': 0; 'z': 0},False,False,0.0,SITL_0,{'y': 0.0; 'x': 0.0; 'z': 0.0},{'y': 0.0; 'x': 0.0; 'z': 0.0},6,STABILIZE
2017_07_18__12-24-21_521,ACTIVE,{'current': 0.0; 'voltage': 12.587; 'level': 100},0.0,{'y': 0.10833724588155746; 'x': 0.00016106302791740745; 'z': -0.00011037971853511408},{'y': 0; 'x': 0; 'z': 0},{'y': 0; 'x': 0; 'z': 0},False,False,0.0,SITL_0,{'y': 0.0; 'x': 0.0; 'z': 0.0},{'y': 0.0; 'x': 0.0; 'z': 0.0},6,STABILIZE
2017_07_18__12-24-21_621,ACTIVE,{'current': 0.0; 'voltage': 12.587; 'level': 100},0.0,{'y': 0.10839620232582092; 'x': 0.00020512467017397285; 'z': -7.718797132838517e-05},{'y': 0; 'x': 0; 'z': 0},{'y': 0; 'x': 0; 'z': 0},False,False,0.0,SITL_0,{'y': 0.0; 'x': 0.0; 'z': 0.0},{'y': 0.0; 'x': 0.0; 'z': 0.0},6,STABILIZE
2017_07_18__12-24-21_721,ACTIVE,{'current': 0.0; 'voltage': 12.587; 'level': 100},0.0,{'y': 0.10839620232582092; 'x': 0.00020512467017397285; 'z': -7.718797132838517e-05},{'y': 0; 'x': 0; 'z': 0},{'y': 0; 'x': 0; 'z': 0},False,False,0.0,SITL_0,{'y': 0.0; 'x': 0.0; 'z': 0.0},{'y': 0.0; 'x': 0.0; 'z': 0.0},6,STABILIZE
2017_07_18__12-24-21_821,ACTIVE,{'current': 0.0; 'voltage': 12.587; 'level': 100},0.0,{'y': 0.10844847559928894; 'x': 0.00022978344350121915; 'z': -5.928322207182646e-05},{'y': 0; 'x': 0; 'z': 0},{'y': 0; 'x': 0; 'z': 0},False,False,0.0,SITL_0,{'y': 0.0; 'x': 0.0; 'z': 0.0},{'y': 0.0; 'x': 0.0; 'z': 0.0},6,STABILIZE
2017_07_18__12-24-21_921,ACTIVE,{'current': 0.0; 'voltage': 12.587; 'level': 100},0.0,{'y': 0.10844847559928894; 'x': 0.00022978344350121915; 'z': -5.928322207182646e-05},{'y': 0; 'x': 0; 'z': 0},{'y': 0; 'x': 0; 'z': 0},False,False,0.0,SITL_0,{'y': 0.0; 'x': 0.0; 'z': 0.0},{'y': 0.0; 'x': 0.0; 'z': 0.0},6,STABILIZE
2017_07_18__12-24-22_021,STANDBY,{'current': 0.0; 'voltage': 12.587; 'level': 100},0.0,{'y': 0.10849857330322266; 'x': 0.00024978024885058403; 'z': -4.3897809518966824e-05},{'y': 0; 'x': 0; 'z': 0},{'y': 0; 'x': 0; 'z': 0},False,False,0.0,SITL_0,{'y': 0.0; 'x': 0.0; 'z': 0.0},{'y': 0.0; 'x': 0.0; 'z': 0.0},6,STABILIZE
2017_07_18__12-24-22_121,STANDBY,{'current': 0.0; 'voltage': 12.587; 'level': 100},0.0,{'y': 0.10849857330322266; 'x': 0.00024978024885058403; 'z': -4.3897809518966824e-05},{'y': 0; 'x': 0; 'z': 0},{'y': 0; 'x': 0; 'z': 0},False,False,0.0,SITL_0,{'y': 0.0; 'x': 0.0; 'z': 0.0},{'y': 0.0; 'x': 0.0; 'z': 0.0},6,STABILIZE
2017_07_18__12-24-22_221,STANDBY,{'current': 0.0; 'voltage': 12.587; 'level': 100},0.0,{'y': 0.10849857330322266; 'x': 0.00024978024885058403; 'z': -4.3897809518966824e-05},{'y': 0; 'x': 0; 'z': 0},{'y': 0; 'x': 0; 'z': 0},False,False,0.0,SITL_0,{'y': 0.0; 'x': 0.0; 'z': 0.0},{'y': 0.0; 'x': 0.0; 'z': 0.0},6,STABILIZE
2017_07_18__12-24-22_321,STANDBY,{'current': 0.0; 'voltage': 12.587; 'level': 100},0.000425901554991,{'y': 0.10814035683870316; 'x': 0.00019120988145004958; 'z': -0.0001787095534382388},{'y': 0; 'x': 0; 'z': 0},{'y': 0; 'x': 0; 'z': 0},False,False,0.0,SITL_0,{'y': 0.0; 'x': 0.0; 'z': 0.0},{'y': 0.0; 'x': 0.0; 'z': -0.01},6,STABILIZE
2017_07_18__12-24-22_421,STANDBY,{'current': 0.0; 'voltage': 12.587; 'level': 100},0.000425901554991,{'y': 0.10814035683870316; 'x': 0.00019120988145004958; 'z': -0.0001787095534382388},{'y': 0; 'x': 0; 'z': 0},{'y': 0; 'x': 0; 'z': 0},False,False,0.0,SITL_0,{'y': 0.0; 'x': 0.0; 'z': 0.0},{'y': 0.0; 'x': 0.0; 'z': -0.01},6,STABILIZE
2017_07_18__12-24-22_521,STANDBY,{'current': 0.0; 'voltage': 12.587; 'level': 100},0.000425901554991,{'y': 0.10814035683870316; 'x': 0.00019120988145004958; 'z': -0.0001787095534382388},{'y': 0; 'x': 0; 'z': 0},{'y': 0; 'x': 0; 'z': 0},False,False,0.0,SITL_0,{'y': 0.0; 'x': 0.0; 'z': 0.0},{'y': 0.0; 'x': 0.0; 'z': -0.01},6,STABILIZE
2017_07_18__12-24-22_621,STANDBY,{'current': 0.0; 'voltage': 12.587; 'level': 100},0.000867868715432,{'y': 0.10818798094987869; 'x': 0.00023855690960772336; 'z': -0.00012773829803336412},{'y': 0; 'x': 0; 'z': 0},{'y': 0; 'x': 0; 'z': 0},False,False,0.0,SITL_0,{'y': 0.0; 'x': 0.0; 'z': 0.0},{'y': 0.0; 'x': 0.0; 'z': -0.02},6,STABILIZE
2017_07_18__12-24-22_721,STANDBY,{'current': 0.0; 'voltage': 12.587; 'level': 100},0.000867868715432,{'y': 0.10818798094987869; 'x': 0.00023855690960772336; 'z': -0.00012773829803336412},{'y': 0; 'x': 0; 'z': 0},{'y': 0; 'x': 0; 'z': 0},False,False,0.0,SITL_0,{'y': 0.0; 'x': 0.0; 'z': 0.0},{'y': 0.0; 'x': 0.0; 'z': -0.02},6,STABILIZE
2017_07_18__12-24-22_821,STANDBY,{'current': 0.0; 'voltage': 12.587; 'level': 100},0.00125179544557,{'y': 0.108221136033535; 'x': 0.00028404590557329357; 'z': -8.897651423467323e-05},{'y': 0; 'x': 0; 'z': 0},{'y': 0; 'x': 0; 'z': 0},False,False,0.0,SITL_0,{'y': 0.0; 'x': 0.0; 'z': 0.0},{'y': 0.0; 'x': 0.0; 'z': -0.02},6,STABILIZE
2017_07_18__12-24-22_921,STANDBY,{'current': 0.0; 'voltage': 12.587; 'level': 100},0.00125179544557,{'y': 0.108221136033535; 'x': 0.00028404590557329357; 'z': -8.897651423467323e-05},{'y': 0; 'x': 0; 'z': 0},{'y': 0; 'x': 0; 'z': 0},False,False,0.0,SITL_0,{'y': 0.0; 'x': 0.0; 'z': 0.0},{'y': 0.0; 'x': 0.0; 'z': -0.02},6,STABILIZE
2017_07_18__12-24-23_021,STANDBY,{'current': 0.0; 'voltage': 12.587; 'level': 100},0.00110160920303,{'y': 0.10829999297857285; 'x': 0.0002975927200168371; 'z': -2.7237756512477063e-05},{'y': 0; 'x': 0; 'z': 0},{'y': 0; 'x': 0; 'z': 0},False,False,0.0,SITL_0,{'y': 0.0; 'x': 0.0; 'z': 0.0},{'y': 0.0; 'x': 0.0; 'z': -0.02},6,STABILIZE
2017_07_18__12-24-23_121,STANDBY,{'current': 0.0; 'voltage': 12.587; 'level': 100},0.00110160920303,{'y': 0.10829999297857285; 'x': 0.0002975927200168371; 'z': -2.7237756512477063e-05},{'y': 0; 'x': 0; 'z': 0},{'y': 0; 'x': 0; 'z': 0},False,False,0.0,SITL_0,{'y': 0.0; 'x': 0.0; 'z': 0.0},{'y': 0.0; 'x': 0.0; 'z': -0.02},6,STABILIZE
2017_07_18__12-24-23_221,STANDBY,{'current': 0.0; 'voltage': 12.587; 'level': 100},0.00116219406482,{'y': 0.10839182138442993; 'x': 0.00030308691202662885; 'z': 4.096306292922236e-05},{'y': 0; 'x': 0; 'z': 0},{'y': 0; 'x': 0; 'z': 0},False,False,0.0,SITL_0,{'y': 0.0; 'x': 0.0; 'z': 0.0},{'y': 0.0; 'x': 0.0; 'z': -0.02},6,STABILIZE
2017_07_18__12-24-23_321,STANDBY,{'current': 0.0; 'voltage': 12.587; 'level': 100},0.00116219406482,{'y': 0.10839182138442993; 'x': 0.00030308691202662885; 'z': 4.096306292922236e-05},{'y': 0; 'x': 0; 'z': 0},{'y': 0; 'x': 0; 'z': 0},False,False,0.0,SITL_0,{'y': 0.0; 'x': 0.0; 'z': 0.0},{'y': 0.0; 'x': 0.0; 'z': -0.02},6,STABILIZE
2017_07_18__12-24-23_421,STANDBY,{'current': 0.0; 'voltage': 12.587; 'level': 100},0.00116219406482,{'y': 0.10839182138442993; 'x': 0.00030308691202662885; 'z': 4.096306292922236e-05},{'y': 0; 'x': 0; 'z': 0},{'y': 0; 'x': 0; 'z': 0},False,False,0.0,SITL_0,{'y': 0.0; 'x': 0.0; 'z': 0.0},{'y': 0.0; 'x': 0.0; 'z': -0.02},6,STABILIZE
2017_07_18__12-24-23_521,STANDBY,{'current': 0.0; 'voltage': 12.587; 'level': 100},0.00150682311505,{'y': 0.10850023478269577; 'x': 0.00031796752591617405; 'z': 9.24828345887363e-05},{'y': 0; 'x': 0; 'z': 0},{'y': 0; 'x': 0; 'z': 0},False,False,0.0,SITL_0,{'y': 0.0; 'x': 0.0; 'z': 0.0},{'y': 0.0; 'x': 0.0; 'z': -0.02},6,STABILIZE
2017_07_18__12-24-23_621,STANDBY,{'current': 0.0; 'voltage': 12.587; 'level': 100},0.00150682311505,{'y': 0.10850023478269577; 'x': 0.00031796752591617405; 'z': 9.24828345887363e-05},{'y': 0; 'x': 0; 'z': 0},{'y': 0; 'x': 0; 'z': 0},False,False,0.0,SITL_0,{'y': 0.0; 'x': 0.0; 'z': 0.0},{'y': 0.0; 'x': 0.0; 'z': -0.02},6,STABILIZE
2017_07_18__12-24-23_721,STANDBY,{'current': 0.0; 'voltage': 12.587; 'level': 100},0.00197805813514,{'y': 0.10743731260299683; 'x': 0.0003426996117923409; 'z': 0.00011862035898957402},{'y': 0; 'x': 0; 'z': 0},{'y': 0; 'x': 0; 'z': 0},False,False,0.0,SITL_0,{'y': -86.24; 'x': 41.519408; 'z': -0.02},{'y': 0.0; 'x': 0.0; 'z': -0.02},6,STABILIZE
2017_07_18__12-24-23_821,STANDBY,{'current': 0.0; 'voltage': 12.587; 'level': 100},0.00197805813514,{'y': 0.10743731260299683; 'x': 0.0003426996117923409; 'z': 0.00011862035898957402},{'y': 0; 'x': 0; 'z': 0},{'y': 0; 'x': 0; 'z': 0},False,False,0.0,SITL_0,{'y': -86.24; 'x': 41.519408; 'z': -0.02},{'y': 0.0; 'x': 0.0; 'z': -0.02},6,STABILIZE
2017_07_18__12-24-23_921,STANDBY,{'current': 0.0; 'voltage': 12.587; 'level': 100},0.00197805813514,{'y': 0.10743731260299683; 'x': 0.0003426996117923409; 'z': 0.00011862035898957402},{'y': 0; 'x': 0; 'z': 0},{'y': 0; 'x': 0; 'z': 0},False,False,0.0,SITL_0,{'y': -86.24; 'x': 41.519408; 'z': -0.02},{'y': 0.0; 'x': 0.0; 'z': -0.02},6,STABILIZE
2017_07_18__12-24-24_021,STANDBY,{'current': 0.0; 'voltage': 12.587; 'level': 100},0.00240507046692,{'y': 0.10114255547523499; 'x': 0.0003764083085115999; 'z': 0.0001399185712216422},{'y': 0; 'x': 0; 'z': 0},{'y': 0; 'x': 0; 'z': 0},False,False,0.0,SITL_0,{'y': -86.24; 'x': 41.519408; 'z': -0.02},{'y': 0.0; 'x': 0.0; 'z': -0.02},5,STABILIZE
2017_07_18__12-24-24_121,STANDBY,{'current': 0.0; 'voltage': 12.587; 'level': 100},0.00240507046692,{'y': 0.10114255547523499; 'x': 0.0003764083085115999; 'z': 0.0001399185712216422},{'y': 0; 'x': 0; 'z': 0},{'y': 0; 'x': 0; 'z': 0},False,False,0.0,SITL_0,{'y': -86.24; 'x': 41.519408; 'z': -0.02},{'y': 0.0; 'x': 0.0; 'z': -0.02},5,STABILIZE
2017_07_18__12-24-24_221,STANDBY,{'current': 0.0; 'voltage': 12.587; 'level': 100},0.00275811203755,{'y': 0.09195522964000702; 'x': 0.00041246492764912546; 'z': 0.00014332578575704247},{'y': 0; 'x': 0; 'z': 0},{'y': 0; 'x': 0; 'z': 0},False,False,0.0,SITL_0,{'y': -86.24; 'x': 41.519408; 'z': -0.02},{'y': 0.0; 'x': 0.0; 'z': -0.01},5,STABILIZE
2017_07_18__12-24-24_321,STANDBY,{'current': 0.0; 'voltage': 12.587; 'level': 100},0.00275811203755,{'y': 0.09195522964000702; 'x': 0.00041246492764912546; 'z': 0.00014332578575704247},{'y': 0; 'x': 0; 'z': 0},{'y': 0; 'x': 0; 'z': 0},False,False,0.0,SITL_0,{'y': -86.24; 'x': 41.519408; 'z': -0.02},{'y': 0.0; 'x': 0.0; 'z': -0.01},5,STABILIZE
2017_07_18__12-24-24_421,STANDBY,{'current': 0.0; 'voltage': 12.587; 'level': 100},0.00300092343241,{'y': 0.08268233388662338; 'x': 0.00044769523083232343; 'z': 0.00014836298942100257},{'y': 0; 'x': 0; 'z': 0},{'y': 0; 'x': 0; 'z': 0},False,False,0.0,SITL_0,{'y': -86.24; 'x': 41.519408; 'z': -0.02},{'y': 0.0; 'x': 0.0; 'z': -0.01},4,STABILIZE
2017_07_18__12-24-24_521,STANDBY,{'current': 0.0; 'voltage': 12.587; 'level': 100},0.00300092343241,{'y': 0.08268233388662338; 'x': 0.00044769523083232343; 'z': 0.00014836298942100257},{'y': 0; 'x': 0; 'z': 0},{'y': 0; 'x': 0; 'z': 0},False,False,0.0,SITL_0,{'y': -86.24; 'x': 41.519408; 'z': -0.02},{'y': 0.0; 'x': 0.0; 'z': -0.01},4,STABILIZE
2017_07_18__12-24-24_621,STANDBY,{'current': 0.0; 'voltage': 12.587; 'level': 100},0.00300092343241,{'y': 0.08268233388662338; 'x': 0.00044769523083232343; 'z': 0.00014836298942100257},{'y': 0; 'x': 0; 'z': 0},{'y': 0; 'x': 0; 'z': 0},False,False,0.0,SITL_0,{'y': -86.24; 'x': 41.519408; 'z': -0.02},{'y': 0.0; 'x': 0.0; 'z': -0.01},4,STABILIZE
2017_07_18__12-24-24_721,STANDBY,{'current': 0.0; 'voltage': 12.587; 'level': 100},0.00338524812832,{'y': 0.07451393455266953; 'x': 0.0004804388154298067; 'z': 0.00015333734336309135},{'y': 0; 'x': 0; 'z': 0},{'y': 0; 'x': 0; 'z': 0},False,False,0.0,SITL_0,{'y': -86.24; 'x': 41.519408; 'z': -0.01},{'y': 0.0; 'x': 0.0; 'z': 0.0},4,STABILIZE
2017_07_18__12-24-24_821,STANDBY,{'current': 0.0; 'voltage': 12.587; 'level': 100},0.00338524812832,{'y': 0.07451393455266953; 'x': 0.0004804388154298067; 'z': 0.00015333734336309135},{'y': 0; 'x': 0; 'z': 0},{'y': 0; 'x': 0; 'z': 0},False,False,0.0,SITL_0,{'y': -86.24; 'x': 41.519408; 'z': -0.01},{'y': 0.0; 'x': 0.0; 'z': 0.0},4,STABILIZE
2017_07_18__12-24-24_921,STANDBY,{'current': 0.0; 'voltage': 12.587; 'level': 100},0.00383343338035,{'y': 0.06758629530668259; 'x': 0.0005134223611094058; 'z': 0.00015337715740315616},{'y': 0; 'x': 0; 'z': 0},{'y': 0; 'x': 0; 'z': 0},False,False,0.0,SITL_0,{'y': -86.24; 'x': 41.519408; 'z': -0.01},{'y': 0.0; 'x': 0.0; 'z': 0.0},3,STABILIZE
2017_07_18__12-24-25_021,STANDBY,{'current': 0.0; 'voltage': 12.587; 'level': 100},0.00383343338035,{'y': 0.06758629530668259; 'x': 0.0005134223611094058; 'z': 0.00015337715740315616},{'y': 0; 'x': 0; 'z': 0},{'y': 0; 'x': 0; 'z': 0},False,False,0.0,SITL_0,{'y': -86.24; 'x': 41.519408; 'z': -0.01},{'y': 0.0; 'x': 0.0; 'z': 0.0},3,STABILIZE
2017_07_18__12-24-25_121,STANDBY,{'current': 0.0; 'voltage': 12.587; 'level': 100},0.00448736827821,{'y': 0.06156918779015541; 'x': 0.0005382407107390463; 'z': 0.000164702461916022},{'y': 0; 'x': 0; 'z': 0},{'y': 0; 'x': 0; 'z': 0},False,False,0.0,SITL_0,{'y': -86.24; 'x': 41.519408; 'z': 0.0},{'y': 0.0; 'x': 0.0; 'z': 0.0},3,STABILIZE
2017_07_18__12-24-25_221,STANDBY,{'current': 0.0; 'voltage': 12.587; 'level': 100},0.00448736827821,{'y': 0.06156918779015541; 'x': 0.0005382407107390463; 'z': 0.000164702461916022},{'y': 0; 'x': 0; 'z': 0},{'y': 0; 'x': 0; 'z': 0},False,False,0.0,SITL_0,{'y': -86.24; 'x': 41.519408; 'z': 0.0},{'y': 0.0; 'x': 0.0; 'z': 0.0},3,STABILIZE
2017_07_18__12-24-25_321,STANDBY,{'current': 0.0; 'voltage': 12.587; 'level': 100},0.00448736827821,{'y': 0.06156918779015541; 'x': 0.0005382407107390463; 'z': 0.000164702461916022},{'y': 0; 'x': 0; 'z': 0},{'y': 0; 'x': 0; 'z': 0},False,False,0.0,SITL_0,{'y': -86.24; 'x': 41.519408; 'z': 0.0},{'y': 0.0; 'x': 0.0; 'z': 0.0},3,STABILIZE
2017_07_18__12-24-25_421,STANDBY,{'current': 0.0; 'voltage': 12.587; 'level': 100},0.0047682817094,{'y': 0.05618727207183838; 'x': 0.0005453707417473197; 'z': 0.00016071143909357488},{'y': 0; 'x': 0; 'z': 0},{'y': 0; 'x': 0; 'z': 0},False,False,0.0,SITL_0,{'y': -86.24; 'x': 41.519408; 'z': 0.0},{'y': 0.0; 'x': 0.0; 'z': 0.0},3,STABILIZE
2017_07_18__12-24-25_521,STANDBY,{'current': 0.0; 'voltage': 12.587; 'level': 100},0.0047682817094,{'y': 0.05618727207183838; 'x': 0.0005453707417473197; 'z': 0.00016071143909357488},{'y': 0; 'x': 0; 'z': 0},{'y': 0; 'x': 0; 'z': 0},False,False,0.0,SITL_0,{'y': -86.24; 'x': 41.519408; 'z': 0.0},{'y': 0.0; 'x': 0.0; 'z': 0.0},3,STABILIZE
2017_07_18__12-24-25_621,STANDBY,{'current': 0.0; 'voltage': 12.587; 'level': 100},0.00514214718714,{'y': 0.051281291991472244; 'x': 0.0005413158796727657; 'z': 0.0001767127396306023},{'y': 0; 'x': 0; 'z': 0},{'y': 0; 'x': 0; 'z': 0},False,False,0.0,SITL_0,{'y': -86.24; 'x': 41.519408; 'z': 0.0},{'y': 0.0; 'x': 0.0; 'z': 0.0},2,STABILIZE
2017_07_18__12-24-25_721,STANDBY,{'current': 0.0; 'voltage': 12.587; 'level': 100},0.00514214718714,{'y': 0.051281291991472244; 'x': 0.0005413158796727657; 'z': 0.0001767127396306023},{'y': 0; 'x': 0; 'z': 0},{'y': 0; 'x': 0; 'z': 0},False,False,0.0,SITL_0,{'y': -86.24; 'x': 41.519408; 'z': 0.0},{'y': 0.0; 'x': 0.0; 'z': 0.0},2,STABILIZE
2017_07_18__12-24-25_821,STANDBY,{'current': 0.0; 'voltage': 12.587; 'level': 100},0.00514214718714,{'y': 0.051281291991472244; 'x': 0.0005413158796727657; 'z': 0.0001767127396306023},{'y': 0; 'x': 0; 'z': 0},{'y': 0; 'x': 0; 'z': 0},False,False,0.0,SITL_0,{'y': -86.24; 'x': 41.519408; 'z': 0.0},{'y': 0.0; 'x': 0.0; 'z': 0.0},2,STABILIZE
2017_07_18__12-24-25_921,STANDBY,{'current': 0.0; 'voltage': 12.587; 'level': 100},0.00535667827353,{'y': 0.04677414894104004; 'x': 0.0005355026805773377; 'z': 0.00016313590458594263},{'y': 0; 'x': 0; 'z': 0},{'y': 0; 'x': 0; 'z': 0},False,False,0.0,SITL_0,{'y': -86.24; 'x': 41.519408; 'z': 0.0},{'y': 0.0; 'x': 0.0; 'z': 0.0},2,STABILIZE
2017_07_18__12-24-26_021,STANDBY,{'current': 0.0; 'voltage': 12.587; 'level': 100},0.00535667827353,{'y': 0.04677414894104004; 'x': 0.0005355026805773377; 'z': 0.00016313590458594263},{'y': 0; 'x': 0; 'z': 0},{'y': 0; 'x': 0; 'z': 0},False,False,0.0,SITL_0,{'y': -86.24; 'x': 41.519408; 'z': 0.0},{'y': 0.0; 'x': 0.0; 'z': 0.0},2,STABILIZE
2017_07_18__12-24-26_121,STANDBY,{'current': 0.0; 'voltage': 12.587; 'level': 100},0.00535953696817,{'y': 0.04265406355261803; 'x': 0.0005096101667732; 'z': 0.00015273349708877504},{'y': 0; 'x': 0; 'z': 0},{'y': 0; 'x': 0; 'z': 0},False,False,0.0,SITL_0,{'y': -86.24; 'x': 41.519408; 'z': 0.0},{'y': 0.0; 'x': 0.0; 'z': 0.01},2,STABILIZE
2017_07_18__12-24-26_221,STANDBY,{'current': 0.0; 'voltage': 12.587; 'level': 100},0.00535953696817,{'y': 0.04265406355261803; 'x': 0.0005096101667732; 'z': 0.00015273349708877504},{'y': 0; 'x': 0; 'z': 0},{'y': 0; 'x': 0; 'z': 0},False,False,0.0,SITL_0,{'y': -86.24; 'x': 41.519408; 'z': 0.0},{'y': 0.0; 'x': 0.0; 'z': 0.01},2,STABILIZE
2017_07_18__12-24-26_321,STANDBY,{'current': 0.0; 'voltage': 12.587; 'level': 100},0.00507397018373,{'y': 0.038941651582717896; 'x': 0.00048274514847435057; 'z': 0.00013704795856028795},{'y': 0; 'x': 0; 'z': 0},{'y': 0; 'x': 0; 'z': 0},False,False,0.0,SITL_0,{'y': -86.24; 'x': 41.519408; 'z': 0.0},{'y': 0.0; 'x': 0.0; 'z': 0.01},2,STABILIZE
2017_07_18__12-24-26_421,STANDBY,{'current': 0.0; 'voltage': 12.587; 'level': 100},0.00507397018373,{'y': 0.038941651582717896; 'x': 0.00048274514847435057; 'z': 0.00013704795856028795},{'y': 0; 'x': 0; 'z': 0},{'y': 0; 'x': 0; 'z': 0},False,False,0.0,SITL_0,{'y': -86.24; 'x': 41.519408; 'z': 0.0},{'y': 0.0; 'x': 0.0; 'z': 0.01},2,STABILIZE
2017_07_18__12-24-26_521,STANDBY,{'current': 0.0; 'voltage': 12.587; 'level': 100},0.00507397018373,{'y': 0.038941651582717896; 'x': 0.00048274514847435057; 'z': 0.00013704795856028795},{'y': 0; 'x': 0; 'z': 0},{'y': 0; 'x': 0; 'z': 0},False,False,0.0,SITL_0,{'y': -86.24; 'x': 41.519408; 'z': 0.0},{'y': 0.0; 'x': 0.0; 'z': 0.01},2,STABILIZE
2017_07_18__12-24-26_621,STANDBY,{'current': 0.0; 'voltage': 12.587; 'level': 100},0.00466890120879,{'y': 0.035646650940179825; 'x': 0.0004307356139179319; 'z': 0.00010875332372961566},{'y': 0; 'x': 0; 'z': 0},{'y': 0; 'x': 0; 'z': 0},False,False,0.0,SITL_0,{'y': -86.24; 'x': 41.519408; 'z': 0.01},{'y': 0.0; 'x': 0.0; 'z': 0.01},2,STABILIZE
2017_07_18__12-24-26_721,STANDBY,{'current': 0.0; 'voltage': 12.587; 'level': 100},0.00466890120879,{'y': 0.035646650940179825; 'x': 0.0004307356139179319; 'z': 0.00010875332372961566},{'y': 0; 'x': 0; 'z': 0},{'y': 0; 'x': 0; 'z': 0},False,False,0.0,SITL_0,{'y': -86.24; 'x': 41.519408; 'z': 0.01},{'y': 0.0; 'x': 0.0; 'z': 0.01},2,STABILIZE
2017_07_18__12-24-26_821,STANDBY,{'current': 0.0; 'voltage': 12.587; 'level': 100},0.00408763391897,{'y': 0.032701458781957626; 'x': 0.0003811614296864718; 'z': 8.245914796134457e-05},{'y': 0; 'x': 0; 'z': 0},{'y': 0; 'x': 0; 'z': 0},False,False,0.0,SITL_0,{'y': -86.24; 'x': 41.519408; 'z': 0.01},{'y': 0.0; 'x': 0.0; 'z': 0.01},1,STABILIZE
2017_07_18__12-24-26_921,STANDBY,{'current': 0.0; 'voltage': 12.587; 'level': 100},0.00408763391897,{'y': 0.032701458781957626; 'x': 0.0003811614296864718; 'z': 8.245914796134457e-05},{'y': 0; 'x': 0; 'z': 0},{'y': 0; 'x': 0; 'z': 0},False,False,0.0,SITL_0,{'y': -86.24; 'x': 41.519408; 'z': 0.01},{'y': 0.0; 'x': 0.0; 'z': 0.01},1,STABILIZE
2017_07_18__12-24-27_021,STANDBY,{'current': 0.0; 'voltage': 12.587; 'level': 100},0.00408763391897,{'y': 0.032701458781957626; 'x': 0.0003811614296864718; 'z': 8.245914796134457e-05},{'y': 0; 'x': 0; 'z': 0},{'y': 0; 'x': 0; 'z': 0},False,False,0.0,SITL_0,{'y': -86.24; 'x': 41.519408; 'z': 0.01},{'y': 0.0; 'x': 0.0; 'z': 0.01},1,STABILIZE
2017_07_18__12-24-27_121,STANDBY,{'current': 0.0; 'voltage': 12.587; 'level': 100},0.00344080175273,{'y': 0.030092377215623856; 'x': 0.00032939217635430396; 'z': 7.801561150699854e-05},{'y': 0; 'x': 0; 'z': 0},{'y': 0; 'x': 0; 'z': 0},False,False,0.0,SITL_0,{'y': -86.24; 'x': 41.519408; 'z': 0.01},{'y': 0.0; 'x': 0.0; 'z': 0.01},1,STABILIZE
2017_07_18__12-24-27_221,STANDBY,{'current': 0.0; 'voltage': 12.587; 'level': 100},0.00344080175273,{'y': 0.030092377215623856; 'x': 0.00032939217635430396; 'z': 7.801561150699854e-05},{'y': 0; 'x': 0; 'z': 0},{'y': 0; 'x': 0; 'z': 0},False,False,0.0,SITL_0,{'y': -86.24; 'x': 41.519408; 'z': 0.01},{'y': 0.0; 'x': 0.0; 'z': 0.01},1,STABILIZE
2017_07_18__12-24-27_321,STANDBY,{'current': 0.0; 'voltage': 12.587; 'level': 100},0.00281796208583,{'y': 0.027790937572717667; 'x': 0.00028921652119606733; 'z': 7.039808406261727e-05},{'y': 0; 'x': 0; 'z': 0},{'y': 0; 'x': 0; 'z': 0},False,False,0.0,SITL_0,{'y': -86.24; 'x': 41.519408; 'z': 0.01},{'y': 0.0; 'x': 0.0; 'z': 0.01},1,STABILIZE
2017_07_18__12-24-27_421,STANDBY,{'current': 0.0; 'voltage': 12.587; 'level': 100},0.00281796208583,{'y': 0.027790937572717667; 'x': 0.00028921652119606733; 'z': 7.039808406261727e-05},{'y': 0; 'x': 0; 'z': 0},{'y': 0; 'x': 0; 'z': 0},False,False,0.0,SITL_0,{'y': -86.24; 'x': 41.519408; 'z': 0.01},{'y': 0.0; 'x': 0.0; 'z': 0.01},1,STABILIZE
2017_07_18__12-24-27_521,STANDBY,{'current': 0.0; 'voltage': 12.587; 'level': 100},0.00281796208583,{'y': 0.027790937572717667; 'x': 0.00028921652119606733; 'z': 7.039808406261727e-05},{'y': 0; 'x': 0; 'z': 0},{'y': 0; 'x': 0; 'z': 0},False,False,0.0,SITL_0,{'y': -86.24; 'x': 41.519408; 'z': 0.01},{'y': 0.0; 'x': 0.0; 'z': 0.01},1,STABILIZE
2017_07_18__12-24-27_621,STANDBY,{'current': 0.0; 'voltage': 12.587; 'level': 100},0.00235232105479,{'y': 0.025801410898566246; 'x': 0.00024388317251577973; 'z': 6.56942866044119e-05},{'y': 0; 'x': 0; 'z': 0},{'y': 0; 'x': 0; 'z': 0},False,False,0.0,SITL_0,{'y': -86.24; 'x': 41.519408; 'z': 0.01},{'y': 0.0; 'x': 0.0; 'z': 0.01},1,STABILIZE
2017_07_18__12-24-27_721,STANDBY,{'current': 0.0; 'voltage': 12.587; 'level': 100},0.00235232105479,{'y': 0.025801410898566246; 'x': 0.00024388317251577973; 'z': 6.56942866044119e-05},{'y': 0; 'x': 0; 'z': 0},{'y': 0; 'x': 0; 'z': 0},False,False,0.0,SITL_0,{'y': -86.24; 'x': 41.519408; 'z': 0.01},{'y': 0.0; 'x': 0.0; 'z': 0.01},1,STABILIZE
2017_07_18__12-24-27_821,STANDBY,{'current': 0.0; 'voltage': 12.587; 'level': 100},0.00191713054664,{'y': 0.02407016046345234; 'x': 0.0002049740869551897; 'z': 5.5425949540222064e-05},{'y': 0; 'x': 0; 'z': 0},{'y': 0; 'x': 0; 'z': 0},False,False,0.0,SITL_0,{'y': -86.24; 'x': 41.519408; 'z': 0.01},{'y': 0.0; 'x': 0.0; 'z': 0.01},1,STABILIZE
2017_07_18__12-24-27_921,STANDBY,{'current': 0.0; 'voltage': 12.587; 'level': 100},0.00191713054664,{'y': 0.02407016046345234; 'x': 0.0002049740869551897; 'z': 5.5425949540222064e-05},{'y': 0; 'x': 0; 'z': 0},{'y': 0; 'x': 0; 'z': 0},False,False,0.0,SITL_0,{'y': -86.24; 'x': 41.519408; 'z': 0.01},{'y': 0.0; 'x': 0.0; 'z': 0.01},1,STABILIZE
2017_07_18__12-24-28_021,STANDBY,{'current': 0.0; 'voltage': 12.587; 'level': 100},0.00147755024955,{'y': 0.022585351020097733; 'x': 0.00018552804249338806; 'z': 4.6154782467056066e-05},{'y': 0; 'x': 0; 'z': 0},{'y': 0; 'x': 0; 'z': 0},False,False,0.0,SITL_0,{'y': -86.24; 'x': 41.519408; 'z': 0.01},{'y': 0.0; 'x': 0.0; 'z': 0.01},1,STABILIZE
2017_07_18__12-24-28_121,STANDBY,{'current': 0.0; 'voltage': 12.587; 'level': 100},0.00147755024955,{'y': 0.022585351020097733; 'x': 0.00018552804249338806; 'z': 4.6154782467056066e-05},{'y': 0; 'x': 0; 'z': 0},{'y': 0; 'x': 0; 'z': 0},False,False,0.0,SITL_0,{'y': -86.24; 'x': 41.519408; 'z': 0.01},{'y': 0.0; 'x': 0.0; 'z': 0.01},1,STABILIZE
2017_07_18__12-24-28_221,STANDBY,{'current': 0.0; 'voltage': 12.587; 'level': 100},0.00147755024955,{'y': 0.022585351020097733; 'x': 0.00018552804249338806; 'z': 4.6154782467056066e-05},{'y': 0; 'x': 0; 'z': 0},{'y': 0; 'x': 0; 'z': 0},False,False,0.0,SITL_0,{'y': -86.24; 'x': 41.519408; 'z': 0.01},{'y': 0.0; 'x': 0.0; 'z': 0.01},1,STABILIZE
2017_07_18__12-24-28_321,STANDBY,{'current': 0.0; 'voltage': 12.587; 'level': 100},0.001138726715,{'y': 0.02132258005440235; 'x': 0.00017489843594375998; 'z': 4.9443475290900096e-05},{'y': 0; 'x': 0; 'z': 0},{'y': 0; 'x': 0; 'z': 0},False,False,0.0,SITL_0,{'y': -86.24; 'x': 41.519408; 'z': 0.01},{'y': 0.0; 'x': 0.0; 'z': 0.01},1,STABILIZE
2017_07_18__12-24-28_421,STANDBY,{'current': 0.0; 'voltage': 12.587; 'level': 100},0.001138726715,{'y': 0.02132258005440235; 'x': 0.00017489843594375998; 'z': 4.9443475290900096e-05},{'y': 0; 'x': 0; 'z': 0},{'y': 0; 'x': 0; 'z': 0},False,False,0.0,SITL_0,{'y': -86.24; 'x': 41.519408; 'z': 0.01},{'y': 0.0; 'x': 0.0; 'z': 0.01},1,STABILIZE
2017_07_18__12-24-28_521,STANDBY,{'current': 0.0; 'voltage': 12.587; 'level': 100},0.001101763919,{'y': 0.02026286907494068; 'x': 0.00017603473679628223; 'z': 6.273023609537631e-05},{'y': 0; 'x': 0; 'z': 0},{'y': 0; 'x': 0; 'z': 0},False,False,0.0,SITL_0,{'y': -86.24; 'x': 41.519408; 'z': 0.01},{'y': 0.0; 'x': 0.0; 'z': 0.01},1,STABILIZE
2017_07_18__12-24-28_621,STANDBY,{'current': 0.0; 'voltage': 12.587; 'level': 100},0.001101763919,{'y': 0.02026286907494068; 'x': 0.00017603473679628223; 'z': 6.273023609537631e-05},{'y': 0; 'x': 0; 'z': 0},{'y': 0; 'x': 0; 'z': 0},False,False,0.0,SITL_0,{'y': -86.24; 'x': 41.519408; 'z': 0.01},{'y': 0.0; 'x': 0.0; 'z': 0.01},1,STABILIZE
2017_07_18__12-24-28_721,STANDBY,{'current': 0.0; 'voltage': 12.587; 'level': 100},0.001101763919,{'y': 0.02026286907494068; 'x': 0.00017603473679628223; 'z': 6.273023609537631e-05},{'y': 0; 'x': 0; 'z': 0},{'y': 0; 'x': 0; 'z': 0},False,False,0.0,SITL_0,{'y': -86.24; 'x': 41.519408; 'z': 0.01},{'y': 0.0; 'x': 0.0; 'z': 0.01},1,STABILIZE
2017_07_18__12-24-28_821,STANDBY,{'current': 0.0; 'voltage': 12.587; 'level': 100},0.00127230794169,{'y': 0.01936870627105236; 'x': 0.00016654713544994593; 'z': 5.821872764499858e-05},{'y': 0; 'x': 0; 'z': 0},{'y': 0; 'x': 0; 'z': 0},False,False,0.0,SITL_0,{'y': -86.24; 'x': 41.519408; 'z': 0.01},{'y': 0.0; 'x': 0.0; 'z': 0.01},1,STABILIZE
2017_07_18__12-24-28_921,STANDBY,{'current': 0.0; 'voltage': 12.587; 'level': 100},0.00127230794169,{'y': 0.01936870627105236; 'x': 0.00016654713544994593; 'z': 5.821872764499858e-05},{'y': 0; 'x': 0; 'z': 0},{'y': 0; 'x': 0; 'z': 0},False,False,0.0,SITL_0,{'y': -86.24; 'x': 41.519408; 'z': 0.01},{'y': 0.0; 'x': 0.0; 'z': 0.01},1,STABILIZE
2017_07_18__12-24-29_021,STANDBY,{'current': 0.0; 'voltage': 12.587; 'level': 100},0.00137515238021,{'y': 0.0186164490878582; 'x': 0.0001605897705303505; 'z': 5.889120075153187e-05},{'y': 0; 'x': 0; 'z': 0},{'y': 0; 'x': 0; 'z': 0},False,False,0.0,SITL_0,{'y': -86.24; 'x': 41.519408; 'z': 0.01},{'y': 0.0; 'x': 0.0; 'z': 0.01},1,STABILIZE
2017_07_18__12-24-29_121,STANDBY,{'current': 0.0; 'voltage': 12.587; 'level': 100},0.00137515238021,{'y': 0.0186164490878582; 'x': 0.0001605897705303505; 'z': 5.889120075153187e-05},{'y': 0; 'x': 0; 'z': 0},{'y': 0; 'x': 0; 'z': 0},False,False,0.0,SITL_0,{'y': -86.24; 'x': 41.519408; 'z': 0.01},{'y': 0.0; 'x': 0.0; 'z': 0.01},1,STABILIZE
2017_07_18__12-24-29_221,STANDBY,{'current': 0.0; 'voltage': 12.587; 'level': 100},0.00149048818275,{'y': 0.018017420545220375; 'x': 0.00015780959802214056; 'z': 7.465634553227574e-05},{'y': 0; 'x': 0; 'z': 0},{'y': 0; 'x': 0; 'z': 0},False,False,0.0,SITL_0,{'y': -86.24; 'x': 41.519408; 'z': 0.01},{'y': 0.0; 'x': 0.0; 'z': 0.01},1,STABILIZE
2017_07_18__12-24-29_321,STANDBY,{'current': 0.0; 'voltage': 12.587; 'level': 100},0.00149048818275,{'y': 0.018017420545220375; 'x': 0.00015780959802214056; 'z': 7.465634553227574e-05},{'y': 0; 'x': 0; 'z': 0},{'y': 0; 'x': 0; 'z': 0},False,False,0.0,SITL_0,{'y': -86.24; 'x': 41.519408; 'z': 0.01},{'y': 0.0; 'x': 0.0; 'z': 0.01},1,STABILIZE
2017_07_18__12-24-29_421,STANDBY,{'current': 0.0; 'voltage': 12.587; 'level': 100},0.00149048818275,{'y': 0.018017420545220375; 'x': 0.00015780959802214056; 'z': 7.465634553227574e-05},{'y': 0; 'x': 0; 'z': 0},{'y': 0; 'x': 0; 'z': 0},False,False,0.0,SITL_0,{'y': -86.24; 'x': 41.519408; 'z': 0.01},{'y': 0.0; 'x': 0.0; 'z': 0.01},1,STABILIZE
2017_07_18__12-24-29_521,STANDBY,{'current': 0.0; 'voltage': 12.587; 'level': 100},0.00154033454601,{'y': 0.01751953735947609; 'x': 0.00014176880358718336; 'z': 8.11494974186644e-05},{'y': 0; 'x': 0; 'z': 0},{'y': 0; 'x': 0; 'z': 0},False,False,0.0,SITL_0,{'y': -86.24; 'x': 41.519408; 'z': 0.01},{'y': 0.0; 'x': 0.0; 'z': 0.01},1,STABILIZE
2017_07_18__12-24-29_621,STANDBY,{'current': 0.0; 'voltage': 12.587; 'level': 100},0.00154033454601,{'y': 0.01751953735947609; 'x': 0.00014176880358718336; 'z': 8.11494974186644e-05},{'y': 0; 'x': 0; 'z': 0},{'y': 0; 'x': 0; 'z': 0},False,False,0.0,SITL_0,{'y': -86.24; 'x': 41.519408; 'z': 0.01},{'y': 0.0; 'x': 0.0; 'z': 0.01},1,STABILIZE
2017_07_18__12-24-29_721,STANDBY,{'current': 0.0; 'voltage': 12.587; 'level': 100},0.00171994732227,{'y': 0.0171430092304945; 'x': 0.0001581770193297416; 'z': 8.635730773676187e-05},{'y': 0; 'x': 0; 'z': 0},{'y': 0; 'x': 0; 'z': 0},False,False,0.0,SITL_0,{'y': -86.24; 'x': 41.519408; 'z': 0.01},{'y': 0.0; 'x': 0.0; 'z': 0.0},0,STABILIZE
2017_07_18__12-24-29_821,STANDBY,{'current': 0.0; 'voltage': 12.587; 'level': 100},0.00171994732227,{'y': 0.0171430092304945; 'x': 0.0001581770193297416; 'z': 8.635730773676187e-05},{'y': 0; 'x': 0; 'z': 0},{'y': 0; 'x': 0; 'z': 0},False,False,0.0,SITL_0,{'y': -86.24; 'x': 41.519408; 'z': 0.01},{'y': 0.0; 'x': 0.0; 'z': 0.0},0,STABILIZE
2017_07_18__12-24-29_921,STANDBY,{'current': 0.0; 'voltage': 12.587; 'level': 100},0.00171994732227,{'y': 0.0171430092304945; 'x': 0.0001581770193297416; 'z': 8.635730773676187e-05},{'y': 0; 'x': 0; 'z': 0},{'y': 0; 'x': 0; 'z': 0},False,False,0.0,SITL_0,{'y': -86.24; 'x': 41.519408; 'z': 0.01},{'y': 0.0; 'x': 0.0; 'z': 0.0},0,STABILIZE
2017_07_18__12-24-30_021,STANDBY,{'current': 0.0; 'voltage': 12.587; 'level': 100},0.00193047884386,{'y': 0.016845494508743286; 'x': 0.00015950881061144173; 'z': 9.464259346714243e-05},{'y': 0; 'x': 0; 'z': 0},{'y': 0; 'x': 0; 'z': 0},False,False,0.0,SITL_0,{'y': -86.24; 'x': 41.519408; 'z': 0.01},{'y': 0.0; 'x': 0.0; 'z': 0.0},0,STABILIZE
2017_07_18__12-24-30_121,STANDBY,{'current': 0.0; 'voltage': 12.587; 'level': 100},0.00193047884386,{'y': 0.016845494508743286; 'x': 0.00015950881061144173; 'z': 9.464259346714243e-05},{'y': 0; 'x': 0; 'z': 0},{'y': 0; 'x': 0; 'z': 0},False,False,0.0,SITL_0,{'y': -86.24; 'x': 41.519408; 'z': 0.01},{'y': 0.0; 'x': 0.0; 'z': 0.0},0,STABILIZE
2017_07_18__12-24-30_221,STANDBY,{'current': 0.0; 'voltage': 12.587; 'level': 100},0.00195658160374,{'y': 0.016627788543701172; 'x': 0.00016153461183421314; 'z': 9.940858581103384e-05},{'y': 0; 'x': 0; 'z': 0},{'y': 0; 'x': 0; 'z': 0},False,False,0.0,SITL_0,{'y': -86.24; 'x': 41.519408; 'z': 0.01},{'y': 0.0; 'x': 0.0; 'z': 0.0},0,STABILIZE
2017_07_18__12-24-30_321,STANDBY,{'current': 0.0; 'voltage': 12.587; 'level': 100},0.00195658160374,{'y': 0.016627788543701172; 'x': 0.00016153461183421314; 'z': 9.940858581103384e-05},{'y': 0; 'x': 0; 'z': 0},{'y': 0; 'x': 0; 'z': 0},False,False,0.0,SITL_0,{'y': -86.24; 'x': 41.519408; 'z': 0.01},{'y': 0.0; 'x': 0.0; 'z': 0.0},0,STABILIZE
2017_07_18__12-24-30_421,STANDBY,{'current': 0.0; 'voltage': 12.587; 'level': 100},0.00207968731411,{'y': 0.016486259177327156; 'x': 0.0001705359318293631; 'z': 0.0001060088980011642},{'y': 0; 'x': 0; 'z': 0},{'y': 0; 'x': 0; 'z': 0},False,False,0.0,SITL_0,{'y': -86.24; 'x': 41.519408; 'z': 0.01},{'y': 0.0; 'x': 0.0; 'z': 0.0},0,STABILIZE
2017_07_18__12-24-30_521,STANDBY,{'current': 0.0; 'voltage': 12.587; 'level': 100},0.00207968731411,{'y': 0.016486259177327156; 'x': 0.0001705359318293631; 'z': 0.0001060088980011642},{'y': 0; 'x': 0; 'z': 0},{'y': 0; 'x': 0; 'z': 0},False,False,0.0,SITL_0,{'y': -86.24; 'x': 41.519408; 'z': 0.01},{'y': 0.0; 'x': 0.0; 'z': 0.0},0,STABILIZE
2017_07_18__12-24-30_621,STANDBY,{'current': 0.0; 'voltage': 12.587; 'level': 100},0.00207968731411,{'y': 0.016486259177327156; 'x': 0.0001705359318293631; 'z': 0.0001060088980011642},{'y': 0; 'x': 0; 'z': 0},{'y': 0; 'x': 0; 'z': 0},False,False,0.0,SITL_0,{'y': -86.24; 'x': 41.519408; 'z': 0.01},{'y': 0.0; 'x': 0.0; 'z': 0.0},0,STABILIZE
2017_07_18__12-24-30_721,STANDBY,{'current': 0.0; 'voltage': 12.587; 'level': 100},0.0021970171947,{'y': 0.01639573462307453; 'x': 0.00018241489306092262; 'z': 0.00012106852955184877},{'y': 0; 'x': 0; 'z': 0},{'y': 0; 'x': 0; 'z': 0},False,False,0.0,SITL_0,{'y': -86.24; 'x': 41.519408; 'z': 0.01},{'y': 0.0; 'x': 0.0; 'z': 0.0},0,STABILIZE
2017_07_18__12-24-30_821,STANDBY,{'current': 0.0; 'voltage': 12.587; 'level': 100},0.0021970171947,{'y': 0.01639573462307453; 'x': 0.00018241489306092262; 'z': 0.00012106852955184877},{'y': 0; 'x': 0; 'z': 0},{'y': 0; 'x': 0; 'z': 0},False,False,0.0,SITL_0,{'y': -86.24; 'x': 41.519408; 'z': 0.01},{'y': 0.0; 'x': 0.0; 'z': 0.0},0,STABILIZE
2017_07_18__12-24-30_921,STANDBY,{'current': 0.0; 'voltage': 12.587; 'level': 100},0.00230490951799,{'y': 0.016347022727131844; 'x': 0.00019057121244259179; 'z': 0.0001366150245303288},{'y': 0; 'x': 0; 'z': 0},{'y': 0; 'x': 0; 'z': 0},False,False,0.0,SITL_0,{'y': -86.24; 'x': 41.519408; 'z': 0.01},{'y': 0.0; 'x': 0.0; 'z': 0.0},0,STABILIZE
2017_07_18__12-24-31_021,STANDBY,{'current': 0.0; 'voltage': 12.587; 'level': 100},0.00230490951799,{'y': 0.016347022727131844; 'x': 0.00019057121244259179; 'z': 0.0001366150245303288},{'y': 0; 'x': 0; 'z': 0},{'y': 0; 'x': 0; 'z': 0},False,False,0.0,SITL_0,{'y': -86.24; 'x': 41.519408; 'z': 0.01},{'y': 0.0; 'x': 0.0; 'z': 0.0},0,STABILIZE
2017_07_18__12-24-31_121,STANDBY,{'current': 0.0; 'voltage': 12.587; 'level': 100},0.00230490951799,{'y': 0.016347022727131844; 'x': 0.00019057121244259179; 'z': 0.0001366150245303288},{'y': 0; 'x': 0; 'z': 0},{'y': 0; 'x': 0; 'z': 0},False,False,0.0,SITL_0,{'y': -86.24; 'x': 41.519408; 'z': 0.01},{'y': 0.0; 'x': 0.0; 'z': 0.0},0,STABILIZE
2017_07_18__12-24-31_221,STANDBY,{'current': 0.0; 'voltage': 12.587; 'level': 100},0.0025535018649,{'y': 0.016329480335116386; 'x': 0.00019918403995689005; 'z': 0.00014748016837984324},{'y': 0; 'x': 0; 'z': 0},{'y': 0; 'x': 0; 'z': 0},False,False,0.0,SITL_0,{'y': -86.24; 'x': 41.519408; 'z': 0.0},{'y': 0.0; 'x': 0.0; 'z': 0.0},0,STABILIZE
2017_07_18__12-24-31_321,STANDBY,{'current': 0.0; 'voltage': 12.587; 'level': 100},0.0025535018649,{'y': 0.016329480335116386; 'x': 0.00019918403995689005; 'z': 0.00014748016837984324},{'y': 0; 'x': 0; 'z': 0},{'y': 0; 'x': 0; 'z': 0},False,False,0.0,SITL_0,{'y': -86.24; 'x': 41.519408; 'z': 0.0},{'y': 0.0; 'x': 0.0; 'z': 0.0},0,STABILIZE
2017_07_18__12-24-31_421,STANDBY,{'current': 0.0; 'voltage': 12.587; 'level': 100},0.00262761954218,{'y': 0.01635662280023098; 'x': 0.00021713488968089223; 'z': 0.00014533459034282714},{'y': 0; 'x': 0; 'z': 0},{'y': 0; 'x': 0; 'z': 0},False,False,0.0,SITL_0,{'y': -86.24; 'x': 41.519408; 'z': 0.0},{'y': 0.0; 'x': 0.0; 'z': 0.0},0,STABILIZE
2017_07_18__12-24-31_521,STANDBY,{'current': 0.0; 'voltage': 12.587; 'level': 100},0.00262761954218,{'y': 0.01635662280023098; 'x': 0.00021713488968089223; 'z': 0.00014533459034282714},{'y': 0; 'x': 0; 'z': 0},{'y': 0; 'x': 0; 'z': 0},False,False,0.0,SITL_0,{'y': -86.24; 'x': 41.519408; 'z': 0.0},{'y': 0.0; 'x': 0.0; 'z': 0.0},0,STABILIZE
2017_07_18__12-24-31_621,STANDBY,{'current': 0.0; 'voltage': 12.587; 'level': 100},0.00289319991134,{'y': 0.016416657716035843; 'x': 0.00023837829940021038; 'z': 0.0001492183655500412},{'y': 0; 'x': 0; 'z': 0},{'y': 0; 'x': 0; 'z': 0},False,False,0.0,SITL_0,{'y': -86.24; 'x': 41.519408; 'z': 0.0},{'y': 0.0; 'x': 0.0; 'z': 0.0},0,STABILIZE
2017_07_18__12-24-31_721,STANDBY,{'current': 0.0; 'voltage': 12.587; 'level': 100},0.00289319991134,{'y': 0.016416657716035843; 'x': 0.00023837829940021038; 'z': 0.0001492183655500412},{'y': 0; 'x': 0; 'z': 0},{'y': 0; 'x': 0; 'z': 0},False,False,0.0,SITL_0,{'y': -86.24; 'x': 41.519408; 'z': 0.0},{'y': 0.0; 'x': 0.0; 'z': 0.0},0,STABILIZE
2017_07_18__12-24-31_821,STANDBY,{'current': 0.0; 'voltage': 12.587; 'level': 100},0.00289319991134,{'y': 0.016416657716035843; 'x': 0.00023837829940021038; 'z': 0.0001492183655500412},{'y': 0; 'x': 0; 'z': 0},{'y': 0; 'x': 0; 'z': 0},False,False,0.0,SITL_0,{'y': -86.24; 'x': 41.519408; 'z': 0.0},{'y': 0.0; 'x': 0.0; 'z': 0.0},0,STABILIZE
2017_07_18__12-24-31_921,STANDBY,{'current': 0.0; 'voltage': 12.587; 'level': 100},0.00306499679573,{'y': 0.016496408730745316; 'x': 0.0002588158240541816; 'z': 0.00016442238120362163},{'y': 0; 'x': 0; 'z': 0},{'y': 0; 'x': 0; 'z': 0},False,False,0.0,SITL_0,{'y': -86.24; 'x': 41.519408; 'z': 0.0},{'y': 0.0; 'x': 0.0; 'z': 0.0},0,STABILIZE
2017_07_18__12-24-32_021,STANDBY,{'current': 0.0; 'voltage': 12.587; 'level': 100},0.00306499679573,{'y': 0.016496408730745316; 'x': 0.0002588158240541816; 'z': 0.00016442238120362163},{'y': 0; 'x': 0; 'z': 0},{'y': 0; 'x': 0; 'z': 0},False,False,0.0,SITL_0,{'y': -86.24; 'x': 41.519408; 'z': 0.0},{'y': 0.0; 'x': 0.0; 'z': 0.0},0,STABILIZE
2017_07_18__12-24-32_121,STANDBY,{'current': 0.0; 'voltage': 12.587; 'level': 100},0.00332256103866,{'y': 0.016611585393548012; 'x': 0.00027277154731564224; 'z': 0.00018418797117192298},{'y': 0; 'x': 0; 'z': 0},{'y': 0; 'x': 0; 'z': 0},False,False,0.0,SITL_0,{'y': -86.24; 'x': 41.519408; 'z': 0.0},{'y': 0.0; 'x': 0.0; 'z': 0.0},0,STABILIZE
2017_07_18__12-24-32_221,STANDBY,{'current': 0.0; 'voltage': 12.587; 'level': 100},0.00332256103866,{'y': 0.016611585393548012; 'x': 0.00027277154731564224; 'z': 0.00018418797117192298},{'y': 0; 'x': 0; 'z': 0},{'y': 0; 'x': 0; 'z': 0},False,False,0.0,SITL_0,{'y': -86.24; 'x': 41.519408; 'z': 0.0},{'y': 0.0; 'x': 0.0; 'z': 0.0},0,STABILIZE
2017_07_18__12-24-32_321,STANDBY,{'current': 0.0; 'voltage': 12.587; 'level': 100},0.00332256103866,{'y': 0.016611585393548012; 'x': 0.00027277154731564224; 'z': 0.00018418797117192298},{'y': 0; 'x': 0; 'z': 0},{'y': 0; 'x': 0; 'z': 0},False,False,0.0,SITL_0,{'y': -86.24; 'x': 41.519408; 'z': 0.0},{'y': 0.0; 'x': 0.0; 'z': 0.0},0,STABILIZE
2017_07_18__12-24-32_420,STANDBY,{'current': 0.0; 'voltage': 12.587; 'level': 100},0.00354426517151,{'y': 0.01675921492278576; 'x': 0.0002877797815017402; 'z': 0.00019140048243571073},{'y': 0; 'x': 0; 'z': 0},{'y': 0; 'x': 0; 'z': 0},False,False,0.0,SITL_0,{'y': -86.24; 'x': 41.519408; 'z': 0.0},{'y': 0.0; 'x': 0.0; 'z': 0.0},0,STABILIZE
2017_07_18__12-24-32_521,STANDBY,{'current': 0.0; 'voltage': 12.587; 'level': 100},0.00354426517151,{'y': 0.01675921492278576; 'x': 0.0002877797815017402; 'z': 0.00019140048243571073},{'y': 0; 'x': 0; 'z': 0},{'y': 0; 'x': 0; 'z': 0},False,False,0.0,SITL_0,{'y': -86.24; 'x': 41.519408; 'z': 0.0},{'y': 0.0; 'x': 0.0; 'z': 0.0},0,STABILIZE
2017_07_18__12-24-32_621,STANDBY,{'current': 0.0; 'voltage': 12.587; 'level': 100},0.00384812173434,{'y': 0.016929153352975845; 'x': 0.00030067539773881435; 'z': 0.00020006664271932095},{'y': 0; 'x': 0; 'z': 0},{'y': 0; 'x': 0; 'z': 0},False,False,0.0,SITL_0,{'y': -86.24; 'x': 41.519408; 'z': 0.0},{'y': 0.0; 'x': 0.0; 'z': 0.0},0,STABILIZE
2017_07_18__12-24-32_721,STANDBY,{'current': 0.0; 'voltage': 12.587; 'level': 100},0.00384812173434,{'y': 0.016929153352975845; 'x': 0.00030067539773881435; 'z': 0.00020006664271932095},{'y': 0; 'x': 0; 'z': 0},{'y': 0; 'x': 0; 'z': 0},False,False,0.0,SITL_0,{'y': -86.24; 'x': 41.519408; 'z': 0.0},{'y': 0.0; 'x': 0.0; 'z': 0.0},0,STABILIZE
2017_07_18__12-24-32_821,STANDBY,{'current': 0.0; 'voltage': 12.587; 'level': 100},0.00425929063931,{'y': 0.017100229859352112; 'x': 0.0003126107039861381; 'z': 0.00021320981613826007},{'y': 0; 'x': 0; 'z': 0},{'y': 0; 'x': 0; 'z': 0},False,False,0.0,SITL_0,{'y': -86.24; 'x': 41.519408; 'z': 0.0},{'y': 0.0; 'x': 0.0; 'z': 0.0},0,STABILIZE
2017_07_18__12-24-32_921,STANDBY,{'current': 0.0; 'voltage': 12.587; 'level': 100},0.00425929063931,{'y': 0.017100229859352112; 'x': 0.0003126107039861381; 'z': 0.00021320981613826007},{'y': 0; 'x': 0; 'z': 0},{'y': 0; 'x': 0; 'z': 0},False,False,0.0,SITL_0,{'y': -86.24; 'x': 41.519408; 'z': 0.0},{'y': 0.0; 'x': 0.0; 'z': 0.0},0,STABILIZE
2017_07_18__12-24-33_021,STANDBY,{'current': 0.0; 'voltage': 12.587; 'level': 100},0.00425929063931,{'y': 0.017100229859352112; 'x': 0.0003126107039861381; 'z': 0.00021320981613826007},{'y': 0; 'x': 0; 'z': 0},{'y': 0; 'x': 0; 'z': 0},False,False,0.0,SITL_0,{'y': -86.24; 'x': 41.519408; 'z': 0.0},{'y': 0.0; 'x': 0.0; 'z': 0.0},0,STABILIZE
2017_07_18__12-24-33_121,STANDBY,{'current': 0.0; 'voltage': 12.587; 'level': 100},0.00458375457674,{'y': 0.01726938597857952; 'x': 0.00032947337604127824; 'z': 0.00022825125779490918},{'y': 0; 'x': 0; 'z': 0},{'y': 0; 'x': 0; 'z': 0},False,False,0.0,SITL_0,{'y': -86.24; 'x': 41.519408; 'z': 0.0},{'y': 0.0; 'x': 0.0; 'z': 0.0},0,STABILIZE
2017_07_18__12-24-33_221,STANDBY,{'current': 0.0; 'voltage': 12.587; 'level': 100},0.00458375457674,{'y': 0.01726938597857952; 'x': 0.00032947337604127824; 'z': 0.00022825125779490918},{'y': 0; 'x': 0; 'z': 0},{'y': 0; 'x': 0; 'z': 0},False,False,0.0,SITL_0,{'y': -86.24; 'x': 41.519408; 'z': 0.0},{'y': 0.0; 'x': 0.0; 'z': 0.0},0,STABILIZE
2017_07_18__12-24-33_321,STANDBY,{'current': 0.0; 'voltage': 12.587; 'level': 100},0.00504638440907,{'y': 0.017429472878575325; 'x': 0.00035489187575876713; 'z': 0.00023086619330570102},{'y': 0; 'x': 0; 'z': 0},{'y': 0; 'x': 0; 'z': 0},False,False,0.0,SITL_0,{'y': -86.24; 'x': 41.519408; 'z': 0.0},{'y': 0.0; 'x': 0.0; 'z': 0.0},0,STABILIZE
2017_07_18__12-24-33_421,STANDBY,{'current': 0.0; 'voltage': 12.587; 'level': 100},0.00504638440907,{'y': 0.017429472878575325; 'x': 0.00035489187575876713; 'z': 0.00023086619330570102},{'y': 0; 'x': 0; 'z': 0},{'y': 0; 'x': 0; 'z': 0},False,False,0.0,SITL_0,{'y': -86.24; 'x': 41.519408; 'z': 0.0},{'y': 0.0; 'x': 0.0; 'z': 0.0},0,STABILIZE
2017_07_18__12-24-33_521,STANDBY,{'current': 0.0; 'voltage': 12.587; 'level': 100},0.00537313520908,{'y': 0.01761086843907833; 'x': 0.00036163892946206033; 'z': 0.00023856527695897967},{'y': 0; 'x': 0; 'z': 0},{'y': 0; 'x': 0; 'z': 0},False,False,0.0,SITL_0,{'y': -86.24; 'x': 41.519408; 'z': 0.0},{'y': 0.0; 'x': 0.0; 'z': 0.0},1,STABILIZE
2017_07_18__12-24-33_621,STANDBY,{'current': 0.0; 'voltage': 12.587; 'level': 100},0.00537313520908,{'y': 0.01761086843907833; 'x': 0.00036163892946206033; 'z': 0.00023856527695897967},{'y': 0; 'x': 0; 'z': 0},{'y': 0; 'x': 0; 'z': 0},False,False,0.0,SITL_0,{'y': -86.24; 'x': 41.519408; 'z': 0.0},{'y': 0.0; 'x': 0.0; 'z': 0.0},1,STABILIZE
2017_07_18__12-24-33_721,STANDBY,{'current': 0.0; 'voltage': 12.587; 'level': 100},0.00537313520908,{'y': 0.01761086843907833; 'x': 0.00036163892946206033; 'z': 0.00023856527695897967},{'y': -86.24; 'x': 41.519408; 'z': 0.0},{'y': 0; 'x': 0; 'z': 0},False,False,0.0,SITL_0,{'y': -86.24; 'x': 41.519408; 'z': 0.0},{'y': 0.0; 'x': 0.0; 'z': 0.0},1,STABILIZE
2017_07_18__12-24-33_821,STANDBY,{'current': 0.0; 'voltage': 12.587; 'level': 100},0.00579626252875,{'y': 0.017799988389015198; 'x': 0.00037166630499996245; 'z': 0.0002582634915597737},{'y': -86.24; 'x': 41.519408; 'z': 0.0},{'y': 0; 'x': 0; 'z': 0},False,False,0.0,SITL_0,{'y': -86.24; 'x': 41.519408; 'z': 0.09},{'y': 0.0; 'x': 0.0; 'z': 0.0},1,STABILIZE
2017_07_18__12-24-33_921,STANDBY,{'current': 0.0; 'voltage': 12.587; 'level': 100},0.00579626252875,{'y': 0.017799988389015198; 'x': 0.00037166630499996245; 'z': 0.0002582634915597737},{'y': -86.24; 'x': 41.519408; 'z': 0.0},{'y': 0; 'x': 0; 'z': 0},False,False,0.0,SITL_0,{'y': -86.24; 'x': 41.519408; 'z': 0.09},{'y': 0.0; 'x': 0.0; 'z': 0.0},1,STABILIZE
2017_07_18__12-24-34_021,STANDBY,{'current': 0.0; 'voltage': 12.587; 'level': 100},0.00623521162197,{'y': 0.018000805750489235; 'x': 0.0003848237101919949; 'z': 0.00025800667935982347},{'y': -86.24; 'x': 41.519408; 'z': 0.0},{'y': 0; 'x': 0; 'z': 0},False,False,0.0,SITL_0,{'y': -86.24; 'x': 41.519408; 'z': 0.09},{'y': 0.0; 'x': 0.0; 'z': 0.0},1,STABILIZE
2017_07_18__12-24-34_121,STANDBY,{'current': 0.0; 'voltage': 12.587; 'level': 100},0.00623521162197,{'y': 0.018000805750489235; 'x': 0.0003848237101919949; 'z': 0.00025800667935982347},{'y': -86.24; 'x': 41.519408; 'z': 0.0},{'y': 0; 'x': 0; 'z': 0},False,False,0.0,SITL_0,{'y': -86.24; 'x': 41.519408; 'z': 0.09},{'y': 0.0; 'x': 0.0; 'z': 0.0},1,STABILIZE
2017_07_18__12-24-34_221,STANDBY,{'current': 0.0; 'voltage': 12.587; 'level': 100},0.00623521162197,{'y': 0.018000805750489235; 'x': 0.0003848237101919949; 'z': 0.00025800667935982347},{'y': -86.24; 'x': 41.519408; 'z': 0.0},{'y': 0; 'x': 0; 'z': 0},False,False,0.0,SITL_0,{'y': -86.24; 'x': 41.519408; 'z': 0.09},{'y': 0.0; 'x': 0.0; 'z': 0.0},1,STABILIZE
2017_07_18__12-24-34_321,STANDBY,{'current': 0.0; 'voltage': 12.587; 'level': 100},0.00645044026896,{'y': 0.01820739172399044; 'x': 0.00038862047949805856; 'z': 0.0002643207844812423},{'y': -86.24; 'x': 41.519408; 'z': 0.0},{'y': 0; 'x': 0; 'z': 0},False,False,0.0,SITL_0,{'y': -86.24; 'x': 41.519408; 'z': 0.09},{'y': 0.0; 'x': 0.0; 'z': 0.0},1,STABILIZE
2017_07_18__12-24-34_421,STANDBY,{'current': 0.0; 'voltage': 12.587; 'level': 100},0.00645044026896,{'y': 0.01820739172399044; 'x': 0.00038862047949805856; 'z': 0.0002643207844812423},{'y': -86.24; 'x': 41.519408; 'z': 0.0},{'y': 0; 'x': 0; 'z': 0},False,False,0.0,SITL_0,{'y': -86.24; 'x': 41.519408; 'z': 0.09},{'y': 0.0; 'x': 0.0; 'z': 0.0},1,STABILIZE
2017_07_18__12-24-34_521,STANDBY,{'current': 0.0; 'voltage': 12.587; 'level': 100},0.0067179906182,{'y': 0.0184386745095253; 'x': 0.00040412749513052404; 'z': 0.0002813230676110834},{'y': -86.24; 'x': 41.519408; 'z': 0.0},{'y': 0; 'x': 0; 'z': 0},False,False,0.0,SITL_0,{'y': -86.24; 'x': 41.519408; 'z': 0.09},{'y': 0.0; 'x': 0.0; 'z': 0.0},1,STABILIZE
2017_07_18__12-24-34_621,STANDBY,{'current': 0.0; 'voltage': 12.587; 'level': 100},0.0067179906182,{'y': 0.0184386745095253; 'x': 0.00040412749513052404; 'z': 0.0002813230676110834},{'y': -86.24; 'x': 41.519408; 'z': 0.0},{'y': 0; 'x': 0; 'z': 0},False,False,0.0,SITL_0,{'y': -86.24; 'x': 41.519408; 'z': 0.09},{'y': 0.0; 'x': 0.0; 'z': 0.0},1,STABILIZE
2017_07_18__12-24-34_721,STANDBY,{'current': 0.0; 'voltage': 12.587; 'level': 100},0.0067179906182,{'y': 0.0184386745095253; 'x': 0.00040412749513052404; 'z': 0.0002813230676110834},{'y': -86.24; 'x': 41.519408; 'z': 0.0},{'y': 0; 'x': 0; 'z': 0},False,False,0.0,SITL_0,{'y': -86.24; 'x': 41.519408; 'z': 0.09},{'y': 0.0; 'x': 0.0; 'z': 0.0},1,STABILIZE
2017_07_18__12-24-34_821,STANDBY,{'current': 0.0; 'voltage': 12.587; 'level': 100},0.0070205302909,{'y': 0.018640834838151932; 'x': 0.0004075864562764764; 'z': 0.0002915056829806417},{'y': -86.24; 'x': 41.519408; 'z': 0.0},{'y': 0; 'x': 0; 'z': 0},False,False,0.0,SITL_0,{'y': -86.24; 'x': 41.519408; 'z': 0.09},{'y': 0.0; 'x': 0.0; 'z': 0.0},1,STABILIZE
2017_07_18__12-24-34_921,STANDBY,{'current': 0.0; 'voltage': 12.587; 'level': 100},0.0070205302909,{'y': 0.018640834838151932; 'x': 0.0004075864562764764; 'z': 0.0002915056829806417},{'y': -86.24; 'x': 41.519408; 'z': 0.0},{'y': 0; 'x': 0; 'z': 0},False,False,0.0,SITL_0,{'y': -86.24; 'x': 41.519408; 'z': 0.09},{'y': 0.0; 'x': 0.0; 'z': 0.0},1,STABILIZE
2017_07_18__12-24-35_021,STANDBY,{'current': 0.0; 'voltage': 12.587; 'level': 100},0.00733176665381,{'y': 0.018844908103346825; 'x': 0.0004109581059310585; 'z': 0.000290037045488134},{'y': -86.24; 'x': 41.519408; 'z': 0.0},{'y': 0; 'x': 0; 'z': 0},False,False,0.0,SITL_0,{'y': -86.24; 'x': 41.519408; 'z': 0.09},{'y': 0.0; 'x': 0.0; 'z': 0.0},1,STABILIZE
2017_07_18__12-24-35_121,STANDBY,{'current': 0.0; 'voltage': 12.587; 'level': 100},0.00733176665381,{'y': 0.018844908103346825; 'x': 0.0004109581059310585; 'z': 0.000290037045488134},{'y': -86.24; 'x': 41.519408; 'z': 0.0},{'y': 0; 'x': 0; 'z': 0},False,False,0.0,SITL_0,{'y': -86.24; 'x': 41.519408; 'z': 0.09},{'y': 0.0; 'x': 0.0; 'z': 0.0},1,STABILIZE
2017_07_18__12-24-35_221,STANDBY,{'current': 0.0; 'voltage': 12.587; 'level': 100},0.00774928880855,{'y': 0.01903979480266571; 'x': 0.000419245392549783; 'z': 0.0003027980274055153},{'y': -86.24; 'x': 41.519408; 'z': 0.0},{'y': 0; 'x': 0; 'z': 0},False,False,0.0,SITL_0,{'y': -86.24; 'x': 41.519408; 'z': 0.09},{'y': 0.0; 'x': 0.0; 'z': 0.0},1,STABILIZE
2017_07_18__12-24-35_321,STANDBY,{'current': 0.0; 'voltage': 12.587; 'level': 100},0.00774928880855,{'y': 0.01903979480266571; 'x': 0.000419245392549783; 'z': 0.0003027980274055153},{'y': -86.24; 'x': 41.519408; 'z': 0.0},{'y': 0; 'x': 0; 'z': 0},False,False,0.0,SITL_0,{'y': -86.24; 'x': 41.519408; 'z': 0.09},{'y': 0.0; 'x': 0.0; 'z': 0.0},1,STABILIZE
2017_07_18__12-24-35_421,STANDBY,{'current': 0.0; 'voltage': 12.587; 'level': 100},0.00774928880855,{'y': 0.01903979480266571; 'x': 0.000419245392549783; 'z': 0.0003027980274055153},{'y': -86.24; 'x': 41.519408; 'z': 0.0},{'y': 0; 'x': 0; 'z': 0},False,False,0.0,SITL_0,{'y': -86.24; 'x': 41.519408; 'z': 0.09},{'y': 0.0; 'x': 0.0; 'z': 0.0},1,STABILIZE
