time,Autopilot Firmware version,Autopilot capabilities (supports ftp),Global Location,Global Location (relative altitude),Local Location,Attitude,Velocity,GPS,Groundspeed,Airspeed,Gimbal status,Battery,EKF OK?,Last Heartbeat,Rangefinder,Rangefinder distance,Rangefinder voltage,Heading,Is Armable?,System status,Mode,Armed,
2017_07_18__12-24-21_149,APM:Copter-3.6.0-dev0,False,LocationGlobal:lat=0.0;lon=0.0;alt=None,LocationGlobalRelative:lat=0.0;lon=0.0;alt=0.0,LocationLocal:north=None;east=None;down=None,Attitude:pitch=0.00011913018534;yaw=0.108295306563;roll=-0.000143200202729,[0.0; 0.0; 0.0],GPSInfo:fix=0;num_sat=0,0.0,0.0,Gimbal: pitch=None; roll=None; yaw=None,Battery:voltage=0.0;current=0.0;level=100,False,2.229139,Rangefinder: distance=None; voltage=None,None,None,6,False,ACTIVE,STABILIZE,False
2017_07_18__12-24-21_225,APM:Copter-3.6.0-dev0,False,LocationGlobal:lat=0.0;lon=0.0;alt=None,LocationGlobalRelative:lat=0.0;lon=0.0;alt=0.0,LocationLocal:north=None;east=None;down=None,Attitude:pitch=0.00011913018534;yaw=0.108295306563;roll=-0.000143200202729,[0.0; 0.0; 0.0],GPSInfo:fix=0;num_sat=0,0.0,0.0,Gimbal: pitch=None; roll=None; yaw=None,Battery:voltage=0.0;current=0.0;level=100,False,2.352271,Rangefinder: distance=None; voltage=None,None,None,6,False,ACTIVE,STABILIZE,False
2017_07_18__12-24-21_324,APM:Copter-3.6.0-dev0,False,LocationGlobal:lat=0.0;lon=0.0;alt=None,LocationGlobalRelative:lat=0.0;lon=0.0;alt=0.0,LocationLocal:north=None;east=None;down=None,Attitude:pitch=0.000161063027917;yaw=0.108337245882;roll=-0.000110379718535,[0.0; 0.0; 0.0],GPSInfo:fix=0;num_sat=0,0.0,0.0,Gimbal: pitch=None; roll=None; yaw=None,Battery:voltage=12.587;current=0.0;level=100,False,2.453104,Rangefinder: distance=None; voltage=None,None,None,6,False,ACTIVE,STABILIZE,False
2017_07_18__12-24-21_425,APM:Copter-3.6.0-dev0,False,LocationGlobal:lat=0.0;lon=0.0;alt=None,LocationGlobalRelative:lat=0.0;lon=0.0;alt=0.0,LocationLocal:north=None;east=None;down=None,Attitude:pitch=0.000161063027917;yaw=0.108337245882;roll=-0.000110379718535,[0.0; 0.0; 0.0],GPSInfo:fix=0;num_sat=0,0.0,0.0,Gimbal: pitch=None; roll=None; yaw=None,Battery:voltage=12.587;current=0.0;level=100,False,2.555464,Rangefinder: distance=None; voltage=None,None,None,6,False,ACTIVE,STABILIZE,False
2017_07_18__12-24-21_524,APM:Copter-3.6.0-dev0,False,LocationGlobal:lat=0.0;lon=0.0;alt=None,LocationGlobalRelative:lat=0.0;lon=0.0;alt=0.0,LocationLocal:north=None;east=None;down=None,Attitude:pitch=0.000161063027917;yaw=0.108337245882;roll=-0.000110379718535,[0.0; 0.0; 0.0],GPSInfo:fix=0;num_sat=0,0.0,0.0,Gimbal: pitch=None; roll=None; yaw=None,Battery:voltage=12.587;current=0.0;level=100,False,2.656716,Rangefinder: distance=None; voltage=None,None,None,6,False,ACTIVE,STABILIZE,False
2017_07_18__12-24-21_624,APM:Copter-3.6.0-dev0,False,LocationGlobal:lat=0.0;lon=0.0;alt=None,LocationGlobalRelative:lat=0.0;lon=0.0;alt=0.0,LocationLocal:north=None;east=None;down=None,Attitude:pitch=0.000205124670174;yaw=0.108396202326;roll=-7.71879713284e-05,[0.0; 0.0; 0.0],GPSInfo:fix=0;num_sat=0,0.0,0.0,Gimbal: pitch=None; roll=None; yaw=None,Battery:voltage=12.587;current=0.0;level=100,False,2.759711,Rangefinder: distance=None; voltage=None,None,None,6,False,ACTIVE,STABILIZE,False
2017_07_18__12-24-21_725,APM:Copter-3.6.0-dev0,False,LocationGlobal:lat=0.0;lon=0.0;alt=None,LocationGlobalRelative:lat=0.0;lon=0.0;alt=0.0,LocationLocal:north=None;east=None;down=None,Attitude:pitch=0.000205124670174;yaw=0.108396202326;roll=-7.71879713284e-05,[0.0; 0.0; 0.0],GPSInfo:fix=0;num_sat=0,0.0,0.0,Gimbal: pitch=None; roll=None; yaw=None,Battery:voltage=12.587;current=0.0;level=100,False,2.860936,Rangefinder: distance=None; voltage=None,None,None,6,False,ACTIVE,STABILIZE,False
2017_07_18__12-24-21_825,APM:Copter-3.6.0-dev0,False,LocationGlobal:lat=0.0;lon=0.0;alt=None,LocationGlobalRelative:lat=0.0;lon=0.0;alt=0.0,LocationLocal:north=None;east=None;down=None,Attitude:pitch=0.000229783443501;yaw=0.108448475599;roll=-5.92832220718e-05,[0.0; 0.0; 0.0],GPSInfo:fix=0;num_sat=0,0.0,0.0,Gimbal: pitch=None; roll=None; yaw=None,Battery:voltage=12.587;current=0.0;level=100,False,2.962953,Rangefinder: distance=None; voltage=None,None,None,6,False,ACTIVE,STABILIZE,False
2017_07_18__12-24-21_925,APM:Copter-3.6.0-dev0,False,LocationGlobal:lat=0.0;lon=0.0;alt=None,LocationGlobalRelative:lat=0.0;lon=0.0;alt=0.0,LocationLocal:north=None;east=None;down=None,Attitude:pitch=0.000229783443501;yaw=0.108448475599;roll=-5.92832220718e-05,[0.0; 0.0; 0.0],GPSInfo:fix=0;num_sat=0,0.0,0.0,Gimbal: pitch=None; roll=None; yaw=None,Battery:voltage=12.587;current=0.0;level=100,False,3.064164,Rangefinder: distance=None; voltage=None,None,None,6,False,ACTIVE,STABILIZE,False
2017_07_18__12-24-22_024,APM:Copter-3.6.0-dev0,False,LocationGlobal:lat=0.0;lon=0.0;alt=None,LocationGlobalRelative:lat=0.0;lon=0.0;alt=0.0,LocationLocal:north=None;east=None;down=None,Attitude:pitch=0.000249780248851;yaw=0.108498573303;roll=-4.3897809519e-05,[0.0; 0.0; 0.0],GPSInfo:fix=0;num_sat=0,0.0,0.0,Gimbal: pitch=None; roll=None; yaw=None,Battery:voltage=12.587;current=0.0;level=100,False,3.165657,Rangefinder: distance=None; voltage=None,None,None,6,False,STANDBY,STABILIZE,False
2017_07_18__12-24-22_134,APM:Copter-3.6.0-dev0,False,LocationGlobal:lat=0.0;lon=0.0;alt=None,LocationGlobalRelative:lat=0.0;lon=0.0;alt=0.0,LocationLocal:north=None;east=None;down=None,Attitude:pitch=0.000249780248851;yaw=0.108498573303;roll=-4.3897809519e-05,[0.0; 0.0; 0.0],GPSInfo:fix=0;num_sat=0,0.0,0.0,Gimbal: pitch=None; roll=None; yaw=None,Battery:voltage=12.587;current=0.0;level=100,False,0.101164,Rangefinder: distance=None; voltage=None,None,None,6,False,STANDBY,STABILIZE,False
2017_07_18__12-24-22_224,APM:Copter-3.6.0-dev0,False,LocationGlobal:lat=0.0;lon=0.0;alt=None,LocationGlobalRelative:lat=0.0;lon=0.0;alt=0.0,LocationLocal:north=None;east=None;down=None,Attitude:pitch=0.000249780248851;yaw=0.108498573303;roll=-4.3897809519e-05,[0.0; 0.0; 0.0],GPSInfo:fix=0;num_sat=0,0.0,0.0,Gimbal: pitch=None; roll=None; yaw=None,Battery:voltage=12.587;current=0.0;level=100,False,0.203586,Rangefinder: distance=None; voltage=None,None,None,6,False,STANDBY,STABILIZE,False
2017_07_18__12-24-22_325,APM:Copter-3.6.0-dev0,False,LocationGlobal:lat=0.0;lon=0.0;alt=None,LocationGlobalRelative:lat=0.0;lon=0.0;alt=0.0,LocationLocal:north=None;east=None;down=None,Attitude:pitch=0.00019120988145;yaw=0.108140356839;roll=-0.000178709553438,[0.0; 0.0; -0.01],GPSInfo:fix=0;num_sat=0,0.000425901554991,0.0,Gimbal: pitch=None; roll=None; yaw=None,Battery:voltage=12.587;current=0.0;level=100,False,0.306516,Rangefinder: distance=None; voltage=None,None,None,6,False,STANDBY,STABILIZE,False
2017_07_18__12-24-22_425,APM:Copter-3.6.0-dev0,False,LocationGlobal:lat=0.0;lon=0.0;alt=None,LocationGlobalRelative:lat=0.0;lon=0.0;alt=0.0,LocationLocal:north=None;east=None;down=None,Attitude:pitch=0.00019120988145;yaw=0.108140356839;roll=-0.000178709553438,[0.0; 0.0; -0.01],GPSInfo:fix=0;num_sat=0,0.000425901554991,0.0,Gimbal: pitch=None; roll=None; yaw=None,Battery:voltage=12.587;current=0.0;level=100,False,0.359078,Rangefinder: distance=None; voltage=None,None,None,6,False,STANDBY,STABILIZE,False
2017_07_18__12-24-22_524,APM:Copter-3.6.0-dev0,False,LocationGlobal:lat=0.0;lon=0.0;alt=None,LocationGlobalRelative:lat=0.0;lon=0.0;alt=0.0,LocationLocal:north=None;east=None;down=None,Attitude:pitch=0.00019120988145;yaw=0.108140356839;roll=-0.000178709553438,[0.0; 0.0; -0.01],GPSInfo:fix=0;num_sat=0,0.000425901554991,0.0,Gimbal: pitch=None; roll=None; yaw=None,Battery:voltage=12.587;current=0.0;level=100,False,0.461837,Rangefinder: distance=None; voltage=None,None,None,6,False,STANDBY,STABILIZE,False
2017_07_18__12-24-22_625,APM:Copter-3.6.0-dev0,False,LocationGlobal:lat=0.0;lon=0.0;alt=None,LocationGlobalRelative:lat=0.0;lon=0.0;alt=0.0,LocationLocal:north=None;east=None;down=None,Attitude:pitch=0.000238556909608;yaw=0.10818798095;roll=-0.000127738298033,[0.0; 0.0; -0.02],GPSInfo:fix=0;num_sat=0,0.000867868715432,0.0,Gimbal: pitch=None; roll=None; yaw=None,Battery:voltage=12.587;current=0.0;level=100,False,0.564628,Rangefinder: distance=None; voltage=None,None,None,6,False,STANDBY,STABILIZE,False
2017_07_18__12-24-22_725,APM:Copter-3.6.0-dev0,False,LocationGlobal:lat=0.0;lon=0.0;alt=None,LocationGlobalRelative:lat=0.0;lon=0.0;alt=0.0,LocationLocal:north=None;east=None;down=None,Attitude:pitch=0.000238556909608;yaw=0.10818798095;roll=-0.000127738298033,[0.0; 0.0; -0.02],GPSInfo:fix=0;num_sat=0,0.000867868715432,0.0,Gimbal: pitch=None; roll=None; yaw=None,Battery:voltage=12.587;current=0.0;level=100,False,0.665953,Rangefinder: distance=None; voltage=None,None,None,6,False,STANDBY,STABILIZE,False
2017_07_18__12-24-22_825,APM:Copter-3.6.0-dev0,False,LocationGlobal:lat=0.0;lon=0.0;alt=None,LocationGlobalRelative:lat=0.0;lon=0.0;alt=0.0,LocationLocal:north=None;east=None;down=None,Attitude:pitch=0.000284045905573;yaw=0.108221136034;roll=-8.89765142347e-05,[0.0; 0.0; -0.02],GPSInfo:fix=0;num_sat=0,0.00125179544557,0.0,Gimbal: pitch=None; roll=None; yaw=None,Battery:voltage=12.587;current=0.0;level=100,False,0.768165,Rangefinder: distance=None; voltage=None,None,None,6,False,STANDBY,STABILIZE,False
2017_07_18__12-24-22_924,APM:Copter-3.6.0-dev0,False,LocationGlobal:lat=0.0;lon=0.0;alt=None,LocationGlobalRelative:lat=0.0;lon=0.0;alt=0.0,LocationLocal:north=None;east=None;down=None,Attitude:pitch=0.000284045905573;yaw=0.108221136034;roll=-8.89765142347e-05,[0.0; 0.0; -0.02],GPSInfo:fix=0;num_sat=0,0.00125179544557,0.0,Gimbal: pitch=None; roll=None; yaw=None,Battery:voltage=12.587;current=0.0;level=100,False,0.869492,Rangefinder: distance=None; voltage=None,None,None,6,False,STANDBY,STABILIZE,False
2017_07_18__12-24-23_026,APM:Copter-3.6.0-dev0,False,LocationGlobal:lat=0.0;lon=0.0;alt=None,LocationGlobalRelative:lat=0.0;lon=0.0;alt=0.0,LocationLocal:north=None;east=None;down=None,Attitude:pitch=0.000297592720017;yaw=0.108299992979;roll=-2.72377565125e-05,[0.0; 0.0; -0.02],GPSInfo:fix=0;num_sat=0,0.00110160920303,0.0,Gimbal: pitch=None; roll=None; yaw=None,Battery:voltage=12.587;current=0.0;level=100,False,0.970834,Rangefinder: distance=None; voltage=None,None,None,6,False,STANDBY,STABILIZE,False
2017_07_18__12-24-23_126,APM:Copter-3.6.0-dev0,False,LocationGlobal:lat=0.0;lon=0.0;alt=None,LocationGlobalRelative:lat=0.0;lon=0.0;alt=0.0,LocationLocal:north=None;east=None;down=None,Attitude:pitch=0.000297592720017;yaw=0.108299992979;roll=-2.72377565125e-05,[0.0; 0.0; -0.02],GPSInfo:fix=0;num_sat=0,0.00110160920303,0.0,Gimbal: pitch=None; roll=None; yaw=None,Battery:voltage=12.587;current=0.0;level=100,False,0.050426,Rangefinder: distance=None; voltage=None,None,None,6,False,STANDBY,STABILIZE,False
2017_07_18__12-24-23_227,APM:Copter-3.6.0-dev0,False,LocationGlobal:lat=0.0;lon=0.0;alt=None,LocationGlobalRelative:lat=0.0;lon=0.0;alt=0.0,LocationLocal:north=None;east=None;down=None,Attitude:pitch=0.000303086912027;yaw=0.108391821384;roll=4.09630629292e-05,[0.0; 0.0; -0.02],GPSInfo:fix=0;num_sat=0,0.00116219406482,0.0,Gimbal: pitch=None; roll=None; yaw=None,Battery:voltage=12.587;current=0.0;level=100,False,0.151735,Rangefinder: distance=None; voltage=None,None,None,6,False,STANDBY,STABILIZE,False
2017_07_18__12-24-23_325,APM:Copter-3.6.0-dev0,False,LocationGlobal:lat=0.0;lon=0.0;alt=None,LocationGlobalRelative:lat=0.0;lon=0.0;alt=0.0,LocationLocal:north=None;east=None;down=None,Attitude:pitch=0.000303086912027;yaw=0.108391821384;roll=4.09630629292e-05,[0.0; 0.0; -0.02],GPSInfo:fix=0;num_sat=0,0.00116219406482,0.0,Gimbal: pitch=None; roll=None; yaw=None,Battery:voltage=12.587;current=0.0;level=100,False,0.254845,Rangefinder: distance=None; voltage=None,None,None,6,False,STANDBY,STABILIZE,False
2017_07_18__12-24-23_425,APM:Copter-3.6.0-dev0,False,LocationGlobal:lat=0.0;lon=0.0;alt=None,LocationGlobalRelative:lat=0.0;lon=0.0;alt=0.0,LocationLocal:north=None;east=None;down=None,Attitude:pitch=0.000303086912027;yaw=0.108391821384;roll=4.09630629292e-05,[0.0; 0.0; -0.02],GPSInfo:fix=0;num_sat=0,0.00116219406482,0.0,Gimbal: pitch=None; roll=None; yaw=None,Battery:voltage=12.587;current=0.0;level=100,False,0.355793,Rangefinder: distance=None; voltage=None,None,None,6,False,STANDBY,STABILIZE,False
2017_07_18__12-24-23_526,APM:Copter-3.6.0-dev0,False,LocationGlobal:lat=0.0;lon=0.0;alt=None,LocationGlobalRelative:lat=0.0;lon=0.0;alt=0.0,LocationLocal:north=None;east=None;down=None,Attitude:pitch=0.000317967525916;yaw=0.108500234783;roll=9.24828345887e-05,[0.0; 0.0; -0.02],GPSInfo:fix=0;num_sat=0,0.00150682311505,0.0,Gimbal: pitch=None; roll=None; yaw=None,Battery:voltage=12.587;current=0.0;level=100,False,0.457142,Rangefinder: distance=None; voltage=None,None,None,6,False,STANDBY,STABILIZE,False
2017_07_18__12-24-23_626,APM:Copter-3.6.0-dev0,False,LocationGlobal:lat=0.0;lon=0.0;alt=None,LocationGlobalRelative:lat=0.0;lon=0.0;alt=0.0,LocationLocal:north=None;east=None;down=None,Attitude:pitch=0.000317967525916;yaw=0.108500234783;roll=9.24828345887e-05,[0.0; 0.0; -0.02],GPSInfo:fix=0;num_sat=0,0.00150682311505,0.0,Gimbal: pitch=None; roll=None; yaw=None,Battery:voltage=12.587;current=0.0;level=100,False,0.561478,Rangefinder: distance=None; voltage=None,None,None,6,False,STANDBY,STABILIZE,False
2017_07_18__12-24-23_725,APM:Copter-3.6.0-dev0,False,LocationGlobal:lat=41.519408;lon=-86.24;alt=-0.02,LocationGlobalRelative:lat=41.519408;lon=-86.24;alt=-0.02,LocationLocal:north=None;east=None;down=None,Attitude:pitch=0.000342699611792;yaw=0.107437312603;roll=0.00011862035899,[0.0; 0.0; -0.02],GPSInfo:fix=6;num_sat=10,0.00197805813514,0.0,Gimbal: pitch=None; roll=None; yaw=None,Battery:voltage=12.587;current=0.0;level=100,False,0.663236,Rangefinder: distance=None; voltage=None,None,None,6,False,STANDBY,STABILIZE,False
2017_07_18__12-24-23_824,APM:Copter-3.6.0-dev0,False,LocationGlobal:lat=41.519408;lon=-86.24;alt=-0.02,LocationGlobalRelative:lat=41.519408;lon=-86.24;alt=-0.02,LocationLocal:north=None;east=None;down=None,Attitude:pitch=0.000342699611792;yaw=0.107437312603;roll=0.00011862035899,[0.0; 0.0; -0.02],GPSInfo:fix=6;num_sat=10,0.00197805813514,0.0,Gimbal: pitch=None; roll=None; yaw=None,Battery:voltage=12.587;current=0.0;level=100,False,0.766183,Rangefinder: distance=None; voltage=None,None,None,6,False,STANDBY,STABILIZE,False
2017_07_18__12-24-23_924,APM:Copter-3.6.0-dev0,False,LocationGlobal:lat=41.519408;lon=-86.24;alt=-0.02,LocationGlobalRelative:lat=41.519408;lon=-86.24;alt=-0.02,LocationLocal:north=None;east=None;down=None,Attitude:pitch=0.000342699611792;yaw=0.107437312603;roll=0.00011862035899,[0.0; 0.0; -0.02],GPSInfo:fix=6;num_sat=10,0.00197805813514,0.0,Gimbal: pitch=None; roll=None; yaw=None,Battery:voltage=12.587;current=0.0;level=100,False,0.867418,Rangefinder: distance=None; voltage=None,None,None,6,False,STANDBY,STABILIZE,False
2017_07_18__12-24-24_024,APM:Copter-3.6.0-dev0,False,LocationGlobal:lat=41.519408;lon=-86.24;alt=-0.02,LocationGlobalRelative:lat=41.519408;lon=-86.24;alt=-0.02,LocationLocal:north=None;east=None;down=None,Attitude:pitch=0.000376408308512;yaw=0.101142555475;roll=0.000139918571222,[0.0; 0.0; -0.02],GPSInfo:fix=6;num_sat=10,0.00240507046692,0.0,Gimbal: pitch=None; roll=None; yaw=None,Battery:voltage=12.587;current=0.0;level=100,False,0.969669,Rangefinder: distance=None; voltage=None,None,None,5,False,STANDBY,STABILIZE,False
2017_07_18__12-24-24_125,APM:Copter-3.6.0-dev0,False,LocationGlobal:lat=41.519408;lon=-86.24;alt=-0.02,LocationGlobalRelative:lat=41.519408;lon=-86.24;alt=-0.02,LocationLocal:north=None;east=None;down=None,Attitude:pitch=0.000376408308512;yaw=0.101142555475;roll=0.000139918571222,[0.0; 0.0; -0.02],GPSInfo:fix=6;num_sat=10,0.00240507046692,0.0,Gimbal: pitch=None; roll=None; yaw=None,Battery:voltage=12.587;current=0.0;level=100,False,0.101441,Rangefinder: distance=None; voltage=None,None,None,5,False,STANDBY,STABILIZE,False
2017_07_18__12-24-24_224,APM:Copter-3.6.0-dev0,False,LocationGlobal:lat=41.519408;lon=-86.24;alt=-0.02,LocationGlobalRelative:lat=41.519408;lon=-86.24;alt=-0.02,LocationLocal:north=None;east=None;down=None,Attitude:pitch=0.000412464927649;yaw=0.09195522964;roll=0.000143325785757,[0.0; 0.0; -0.01],GPSInfo:fix=6;num_sat=10,0.00275811203755,0.0,Gimbal: pitch=None; roll=None; yaw=None,Battery:voltage=12.587;current=0.0;level=100,False,0.204548,Rangefinder: distance=None; voltage=None,None,None,5,False,STANDBY,STABILIZE,False
2017_07_18__12-24-24_325,APM:Copter-3.6.0-dev0,False,LocationGlobal:lat=41.519408;lon=-86.24;alt=-0.02,LocationGlobalRelative:lat=41.519408;lon=-86.24;alt=-0.02,LocationLocal:north=None;east=None;down=None,Attitude:pitch=0.000412464927649;yaw=0.09195522964;roll=0.000143325785757,[0.0; 0.0; -0.01],GPSInfo:fix=6;num_sat=10,0.00275811203755,0.0,Gimbal: pitch=None; roll=None; yaw=None,Battery:voltage=12.587;current=0.0;level=100,False,0.305382,Rangefinder: distance=None; voltage=None,None,None,5,False,STANDBY,STABILIZE,False
2017_07_18__12-24-24_425,APM:Copter-3.6.0-dev0,False,LocationGlobal:lat=41.519408;lon=-86.24;alt=-0.02,LocationGlobalRelative:lat=41.519408;lon=-86.24;alt=-0.02,LocationLocal:north=None;east=None;down=None,Attitude:pitch=0.000447695230832;yaw=0.0826823338866;roll=0.000148362989421,[0.0; 0.0; -0.01],GPSInfo:fix=6;num_sat=10,0.00300092343241,0.0,Gimbal: pitch=None; roll=None; yaw=None,Battery:voltage=12.587;current=0.0;level=100,False,0.407826,Rangefinder: distance=None; voltage=None,None,None,4,False,STANDBY,STABILIZE,False
2017_07_18__12-24-24_524,APM:Copter-3.6.0-dev0,False,LocationGlobal:lat=41.519408;lon=-86.24;alt=-0.02,LocationGlobalRelative:lat=41.519408;lon=-86.24;alt=-0.02,LocationLocal:north=None;east=None;down=None,Attitude:pitch=0.000447695230832;yaw=0.0826823338866;roll=0.000148362989421,[0.0; 0.0; -0.01],GPSInfo:fix=6;num_sat=10,0.00300092343241,0.0,Gimbal: pitch=None; roll=None; yaw=None,Battery:voltage=12.587;current=0.0;level=100,False,0.508994,Rangefinder: distance=None; voltage=None,None,None,4,False,STANDBY,STABILIZE,False
2017_07_18__12-24-24_626,APM:Copter-3.6.0-dev0,False,LocationGlobal:lat=41.519408;lon=-86.24;alt=-0.02,LocationGlobalRelative:lat=41.519408;lon=-86.24;alt=-0.02,LocationLocal:north=None;east=None;down=None,Attitude:pitch=0.000447695230832;yaw=0.0826823338866;roll=0.000148362989421,[0.0; 0.0; -0.01],GPSInfo:fix=6;num_sat=10,0.00300092343241,0.0,Gimbal: pitch=None; roll=None; yaw=None,Battery:voltage=12.587;current=0.0;level=100,False,0.610174,Rangefinder: distance=None; voltage=None,None,None,4,False,STANDBY,STABILIZE,False
2017_07_18__12-24-24_724,APM:Copter-3.6.0-dev0,False,LocationGlobal:lat=41.519408;lon=-86.24;alt=-0.01,LocationGlobalRelative:lat=41.519408;lon=-86.24;alt=-0.01,LocationLocal:north=None;east=None;down=None,Attitude:pitch=0.00048043881543;yaw=0.0745139345527;roll=0.000153337343363,[0.0; 0.0; 0.0],GPSInfo:fix=6;num_sat=10,0.00338524812832,0.0,Gimbal: pitch=None; roll=None; yaw=None,Battery:voltage=12.587;current=0.0;level=100,False,0.712877,Rangefinder: distance=None; voltage=None,None,None,4,False,STANDBY,STABILIZE,False
2017_07_18__12-24-24_849,APM:Copter-3.6.0-dev0,False,LocationGlobal:lat=41.519408;lon=-86.24;alt=-0.01,LocationGlobalRelative:lat=41.519408;lon=-86.24;alt=-0.01,LocationLocal:north=None;east=None;down=None,Attitude:pitch=0.00048043881543;yaw=0.0745139345527;roll=0.000153337343363,[0.0; 0.0; 0.0],GPSInfo:fix=6;num_sat=10,0.00338524812832,0.0,Gimbal: pitch=None; roll=None; yaw=None,Battery:voltage=12.587;current=0.0;level=100,False,0.815643,Rangefinder: distance=None; voltage=None,None,None,4,False,STANDBY,STABILIZE,False
2017_07_18__12-24-24_925,APM:Copter-3.6.0-dev0,False,LocationGlobal:lat=41.519408;lon=-86.24;alt=-0.01,LocationGlobalRelative:lat=41.519408;lon=-86.24;alt=-0.01,LocationLocal:north=None;east=None;down=None,Attitude:pitch=0.000513422361109;yaw=0.0675862953067;roll=0.000153377157403,[0.0; 0.0; 0.0],GPSInfo:fix=6;num_sat=10,0.00383343338035,0.0,Gimbal: pitch=None; roll=None; yaw=None,Battery:voltage=12.587;current=0.0;level=100,False,0.86627,Rangefinder: distance=None; voltage=None,None,None,3,False,STANDBY,STABILIZE,False
2017_07_18__12-24-25_025,APM:Copter-3.6.0-dev0,False,LocationGlobal:lat=41.519408;lon=-86.24;alt=-0.01,LocationGlobalRelative:lat=41.519408;lon=-86.24;alt=-0.01,LocationLocal:north=None;east=None;down=None,Attitude:pitch=0.000513422361109;yaw=0.0675862953067;roll=0.000153377157403,[0.0; 0.0; 0.0],GPSInfo:fix=6;num_sat=10,0.00383343338035,0.0,Gimbal: pitch=None; roll=None; yaw=None,Battery:voltage=12.587;current=0.0;level=100,False,0.968573,Rangefinder: distance=None; voltage=None,None,None,3,False,STANDBY,STABILIZE,False
2017_07_18__12-24-25_124,APM:Copter-3.6.0-dev0,False,LocationGlobal:lat=41.519408;lon=-86.24;alt=0.0,LocationGlobalRelative:lat=41.519408;lon=-86.24;alt=0.0,LocationLocal:north=None;east=None;down=None,Attitude:pitch=0.000538240710739;yaw=0.0615691877902;roll=0.000164702461916,[0.0; 0.0; 0.0],GPSInfo:fix=6;num_sat=10,0.00448736827821,0.0,Gimbal: pitch=None; roll=None; yaw=None,Battery:voltage=12.587;current=0.0;level=100,False,0.101124,Rangefinder: distance=None; voltage=None,None,None,3,False,STANDBY,STABILIZE,False
2017_07_18__12-24-25_224,APM:Copter-3.6.0-dev0,False,LocationGlobal:lat=41.519408;lon=-86.24;alt=0.0,LocationGlobalRelative:lat=41.519408;lon=-86.24;alt=0.0,LocationLocal:north=None;east=None;down=None,Attitude:pitch=0.000538240710739;yaw=0.0615691877902;roll=0.000164702461916,[0.0; 0.0; 0.0],GPSInfo:fix=6;num_sat=10,0.00448736827821,0.0,Gimbal: pitch=None; roll=None; yaw=None,Battery:voltage=12.587;current=0.0;level=100,False,0.203399,Rangefinder: distance=None; voltage=None,None,None,3,False,STANDBY,STABILIZE,False
2017_07_18__12-24-25_325,APM:Copter-3.6.0-dev0,False,LocationGlobal:lat=41.519408;lon=-86.24;alt=0.0,LocationGlobalRelative:lat=41.519408;lon=-86.24;alt=0.0,LocationLocal:north=None;east=None;down=None,Attitude:pitch=0.000538240710739;yaw=0.0615691877902;roll=0.000164702461916,[0.0; 0.0; 0.0],GPSInfo:fix=6;num_sat=10,0.00448736827821,0.0,Gimbal: pitch=None; roll=None; yaw=None,Battery:voltage=12.587;current=0.0;level=100,False,0.304707,Rangefinder: distance=None; voltage=None,None,None,3,False,STANDBY,STABILIZE,False
2017_07_18__12-24-25_424,APM:Copter-3.6.0-dev0,False,LocationGlobal:lat=41.519408;lon=-86.24;alt=0.0,LocationGlobalRelative:lat=41.519408;lon=-86.24;alt=0.0,LocationLocal:north=None;east=None;down=None,Attitude:pitch=0.000545370741747;yaw=0.0561872720718;roll=0.000160711439094,[0.0; 0.0; 0.0],GPSInfo:fix=6;num_sat=10,0.0047682817094,0.0,Gimbal: pitch=None; roll=None; yaw=None,Battery:voltage=12.587;current=0.0;level=100,False,0.407453,Rangefinder: distance=None; voltage=None,None,None,3,False,STANDBY,STABILIZE,False
2017_07_18__12-24-25_524,APM:Copter-3.6.0-dev0,False,LocationGlobal:lat=41.519408;lon=-86.24;alt=0.0,LocationGlobalRelative:lat=41.519408;lon=-86.24;alt=0.0,LocationLocal:north=None;east=None;down=None,Attitude:pitch=0.000545370741747;yaw=0.0561872720718;roll=0.000160711439094,[0.0; 0.0; 0.0],GPSInfo:fix=6;num_sat=10,0.0047682817094,0.0,Gimbal: pitch=None; roll=None; yaw=None,Battery:voltage=12.587;current=0.0;level=100,False,0.508656,Rangefinder: distance=None; voltage=None,None,None,3,False,STANDBY,STABILIZE,False
2017_07_18__12-24-25_625,APM:Copter-3.6.0-dev0,False,LocationGlobal:lat=41.519408;lon=-86.24;alt=0.0,LocationGlobalRelative:lat=41.519408;lon=-86.24;alt=0.0,LocationLocal:north=None;east=None;down=None,Attitude:pitch=0.000541315879673;yaw=0.0512812919915;roll=0.000176712739631,[0.0; 0.0; 0.0],GPSInfo:fix=6;num_sat=10,0.00514214718714,0.0,Gimbal: pitch=None; roll=None; yaw=None,Battery:voltage=12.587;current=0.0;level=100,False,0.610997,Rangefinder: distance=None; voltage=None,None,None,2,False,STANDBY,STABILIZE,False
2017_07_18__12-24-25_725,APM:Copter-3.6.0-dev0,False,LocationGlobal:lat=41.519408;lon=-86.24;alt=0.0,LocationGlobalRelative:lat=41.519408;lon=-86.24;alt=0.0,LocationLocal:north=None;east=None;down=None,Attitude:pitch=0.000541315879673;yaw=0.0512812919915;roll=0.000176712739631,[0.0; 0.0; 0.0],GPSInfo:fix=6;num_sat=10,0.00514214718714,0.0,Gimbal: pitch=None; roll=None; yaw=None,Battery:voltage=12.587;current=0.0;level=100,False,0.713009,Rangefinder: distance=None; voltage=None,None,None,2,False,STANDBY,STABILIZE,False
2017_07_18__12-24-25_824,APM:Copter-3.6.0-dev0,False,LocationGlobal:lat=41.519408;lon=-86.24;alt=0.0,LocationGlobalRelative:lat=41.519408;lon=-86.24;alt=0.0,LocationLocal:north=None;east=None;down=None,Attitude:pitch=0.000541315879673;yaw=0.0512812919915;roll=0.000176712739631,[0.0; 0.0; 0.0],GPSInfo:fix=6;num_sat=10,0.00514214718714,0.0,Gimbal: pitch=None; roll=None; yaw=None,Battery:voltage=12.587;current=0.0;level=100,False,0.814078,Rangefinder: distance=None; voltage=None,None,None,2,False,STANDBY,STABILIZE,False
2017_07_18__12-24-25_924,APM:Copter-3.6.0-dev0,False,LocationGlobal:lat=41.519408;lon=-86.24;alt=0.0,LocationGlobalRelative:lat=41.519408;lon=-86.24;alt=0.0,LocationLocal:north=None;east=None;down=None,Attitude:pitch=0.000535502680577;yaw=0.046774148941;roll=0.000163135904586,[0.0; 0.0; 0.0],GPSInfo:fix=6;num_sat=10,0.00535667827353,0.0,Gimbal: pitch=None; roll=None; yaw=None,Battery:voltage=12.587;current=0.0;level=100,False,0.916346,Rangefinder: distance=None; voltage=None,None,None,2,False,STANDBY,STABILIZE,False
2017_07_18__12-24-26_024,APM:Copter-3.6.0-dev0,False,LocationGlobal:lat=41.519408;lon=-86.24;alt=0.0,LocationGlobalRelative:lat=41.519408;lon=-86.24;alt=0.0,LocationLocal:north=None;east=None;down=None,Attitude:pitch=0.000535502680577;yaw=0.046774148941;roll=0.000163135904586,[0.0; 0.0; 0.0],GPSInfo:fix=6;num_sat=10,0.00535667827353,0.0,Gimbal: pitch=None; roll=None; yaw=None,Battery:voltage=12.587;current=0.0;level=100,False,1.017256,Rangefinder: distance=None; voltage=None,None,None,2,False,STANDBY,STABILIZE,False
2017_07_18__12-24-26_124,APM:Copter-3.6.0-dev0,False,LocationGlobal:lat=41.519408;lon=-86.24;alt=0.0,LocationGlobalRelative:lat=41.519408;lon=-86.24;alt=0.0,LocationLocal:north=None;east=None;down=None,Attitude:pitch=0.000509610166773;yaw=0.0426540635526;roll=0.000152733497089,[0.0; 0.0; 0.01],GPSInfo:fix=6;num_sat=10,0.00535953696817,0.0,Gimbal: pitch=None; roll=None; yaw=None,Battery:voltage=12.587;current=0.0;level=100,False,0.102141,Rangefinder: distance=None; voltage=None,None,None,2,False,STANDBY,STABILIZE,False
2017_07_18__12-24-26_254,APM:Copter-3.6.0-dev0,False,LocationGlobal:lat=41.519408;lon=-86.24;alt=0.0,LocationGlobalRelative:lat=41.519408;lon=-86.24;alt=0.0,LocationLocal:north=None;east=None;down=None,Attitude:pitch=0.000509610166773;yaw=0.0426540635526;roll=0.000152733497089,[0.0; 0.0; 0.01],GPSInfo:fix=6;num_sat=10,0.00535953696817,0.0,Gimbal: pitch=None; roll=None; yaw=None,Battery:voltage=12.587;current=0.0;level=100,False,0.253684,Rangefinder: distance=None; voltage=None,None,None,2,False,STANDBY,STABILIZE,False
2017_07_18__12-24-26_325,APM:Copter-3.6.0-dev0,False,LocationGlobal:lat=41.519408;lon=-86.24;alt=0.0,LocationGlobalRelative:lat=41.519408;lon=-86.24;alt=0.0,LocationLocal:north=None;east=None;down=None,Attitude:pitch=0.000482745148474;yaw=0.0389416515827;roll=0.00013704795856,[0.0; 0.0; 0.01],GPSInfo:fix=6;num_sat=10,0.00507397018373,0.0,Gimbal: pitch=None; roll=None; yaw=None,Battery:voltage=12.587;current=0.0;level=100,False,0.304416,Rangefinder: distance=None; voltage=None,None,None,2,False,STANDBY,STABILIZE,False
2017_07_18__12-24-26_425,APM:Copter-3.6.0-dev0,False,LocationGlobal:lat=41.519408;lon=-86.24;alt=0.0,LocationGlobalRelative:lat=41.519408;lon=-86.24;alt=0.0,LocationLocal:north=None;east=None;down=None,Attitude:pitch=0.000482745148474;yaw=0.0389416515827;roll=0.00013704795856,[0.0; 0.0; 0.01],GPSInfo:fix=6;num_sat=10,0.00507397018373,0.0,Gimbal: pitch=None; roll=None; yaw=None,Battery:voltage=12.587;current=0.0;level=100,False,0.407324,Rangefinder: distance=None; voltage=None,None,None,2,False,STANDBY,STABILIZE,False
2017_07_18__12-24-26_524,APM:Copter-3.6.0-dev0,False,LocationGlobal:lat=41.519408;lon=-86.24;alt=0.0,LocationGlobalRelative:lat=41.519408;lon=-86.24;alt=0.0,LocationLocal:north=None;east=None;down=None,Attitude:pitch=0.000482745148474;yaw=0.0389416515827;roll=0.00013704795856,[0.0; 0.0; 0.01],GPSInfo:fix=6;num_sat=10,0.00507397018373,0.0,Gimbal: pitch=None; roll=None; yaw=None,Battery:voltage=12.587;current=0.0;level=100,False,0.508555,Rangefinder: distance=None; voltage=None,None,None,2,False,STANDBY,STABILIZE,False
2017_07_18__12-24-26_625,APM:Copter-3.6.0-dev0,False,LocationGlobal:lat=41.519408;lon=-86.24;alt=0.01,LocationGlobalRelative:lat=41.519408;lon=-86.24;alt=0.01,LocationLocal:north=None;east=None;down=None,Attitude:pitch=0.000430735613918;yaw=0.0356466509402;roll=0.00010875332373,[0.0; 0.0; 0.01],GPSInfo:fix=6;num_sat=10,0.00466890120879,0.0,Gimbal: pitch=None; roll=None; yaw=None,Battery:voltage=12.587;current=0.0;level=100,False,0.610788,Rangefinder: distance=None; voltage=None,None,None,2,False,STANDBY,STABILIZE,False
2017_07_18__12-24-26_724,APM:Copter-3.6.0-dev0,False,LocationGlobal:lat=41.519408;lon=-86.24;alt=0.01,LocationGlobalRelative:lat=41.519408;lon=-86.24;alt=0.01,LocationLocal:north=None;east=None;down=None,Attitude:pitch=0.000430735613918;yaw=0.0356466509402;roll=0.00010875332373,[0.0; 0.0; 0.01],GPSInfo:fix=6;num_sat=10,0.00466890120879,0.0,Gimbal: pitch=None; roll=None; yaw=None,Battery:voltage=12.587;current=0.0;level=100,False,0.712142,Rangefinder: distance=None; voltage=None,None,None,2,False,STANDBY,STABILIZE,False
2017_07_18__12-24-26_825,APM:Copter-3.6.0-dev0,False,LocationGlobal:lat=41.519408;lon=-86.24;alt=0.01,LocationGlobalRelative:lat=41.519408;lon=-86.24;alt=0.01,LocationLocal:north=None;east=None;down=None,Attitude:pitch=0.000381161429686;yaw=0.032701458782;roll=8.24591479613e-05,[0.0; 0.0; 0.01],GPSInfo:fix=6;num_sat=10,0.00408763391897,0.0,Gimbal: pitch=None; roll=None; yaw=None,Battery:voltage=12.587;current=0.0;level=100,False,0.814802,Rangefinder: distance=None; voltage=None,None,None,1,False,STANDBY,STABILIZE,False
2017_07_18__12-24-26_925,APM:Copter-3.6.0-dev0,False,LocationGlobal:lat=41.519408;lon=-86.24;alt=0.01,LocationGlobalRelative:lat=41.519408;lon=-86.24;alt=0.01,LocationLocal:north=None;east=None;down=None,Attitude:pitch=0.000381161429686;yaw=0.032701458782;roll=8.24591479613e-05,[0.0; 0.0; 0.01],GPSInfo:fix=6;num_sat=10,0.00408763391897,0.0,Gimbal: pitch=None; roll=None; yaw=None,Battery:voltage=12.587;current=0.0;level=100,False,0.916119,Rangefinder: distance=None; voltage=None,None,None,1,False,STANDBY,STABILIZE,False
2017_07_18__12-24-27_025,APM:Copter-3.6.0-dev0,False,LocationGlobal:lat=41.519408;lon=-86.24;alt=0.01,LocationGlobalRelative:lat=41.519408;lon=-86.24;alt=0.01,LocationLocal:north=None;east=None;down=None,Attitude:pitch=0.000381161429686;yaw=0.032701458782;roll=8.24591479613e-05,[0.0; 0.0; 0.01],GPSInfo:fix=6;num_sat=10,0.00408763391897,0.0,Gimbal: pitch=None; roll=None; yaw=None,Battery:voltage=12.587;current=0.0;level=100,False,1.017405,Rangefinder: distance=None; voltage=None,None,None,1,False,STANDBY,STABILIZE,False
2017_07_18__12-24-27_124,APM:Copter-3.6.0-dev0,False,LocationGlobal:lat=41.519408;lon=-86.24;alt=0.01,LocationGlobalRelative:lat=41.519408;lon=-86.24;alt=0.01,LocationLocal:north=None;east=None;down=None,Attitude:pitch=0.000329392176354;yaw=0.0300923772156;roll=7.8015611507e-05,[0.0; 0.0; 0.01],GPSInfo:fix=6;num_sat=10,0.00344080175273,0.0,Gimbal: pitch=None; roll=None; yaw=None,Battery:voltage=12.587;current=0.0;level=100,False,0.102588,Rangefinder: distance=None; voltage=None,None,None,1,False,STANDBY,STABILIZE,False
2017_07_18__12-24-27_225,APM:Copter-3.6.0-dev0,False,LocationGlobal:lat=41.519408;lon=-86.24;alt=0.01,LocationGlobalRelative:lat=41.519408;lon=-86.24;alt=0.01,LocationLocal:north=None;east=None;down=None,Attitude:pitch=0.000329392176354;yaw=0.0300923772156;roll=7.8015611507e-05,[0.0; 0.0; 0.01],GPSInfo:fix=6;num_sat=10,0.00344080175273,0.0,Gimbal: pitch=None; roll=None; yaw=None,Battery:voltage=12.587;current=0.0;level=100,False,0.203961,Rangefinder: distance=None; voltage=None,None,None,1,False,STANDBY,STABILIZE,False
2017_07_18__12-24-27_326,APM:Copter-3.6.0-dev0,False,LocationGlobal:lat=41.519408;lon=-86.24;alt=0.01,LocationGlobalRelative:lat=41.519408;lon=-86.24;alt=0.01,LocationLocal:north=None;east=None;down=None,Attitude:pitch=0.000289216521196;yaw=0.0277909375727;roll=7.03980840626e-05,[0.0; 0.0; 0.01],GPSInfo:fix=6;num_sat=10,0.00281796208583,0.0,Gimbal: pitch=None; roll=None; yaw=None,Battery:voltage=12.587;current=0.0;level=100,False,0.306162,Rangefinder: distance=None; voltage=None,None,None,1,False,STANDBY,STABILIZE,False
2017_07_18__12-24-27_425,APM:Copter-3.6.0-dev0,False,LocationGlobal:lat=41.519408;lon=-86.24;alt=0.01,LocationGlobalRelative:lat=41.519408;lon=-86.24;alt=0.01,LocationLocal:north=None;east=None;down=None,Attitude:pitch=0.000289216521196;yaw=0.0277909375727;roll=7.03980840626e-05,[0.0; 0.0; 0.01],GPSInfo:fix=6;num_sat=10,0.00281796208583,0.0,Gimbal: pitch=None; roll=None; yaw=None,Battery:voltage=12.587;current=0.0;level=100,False,0.40843,Rangefinder: distance=None; voltage=None,None,None,1,False,STANDBY,STABILIZE,False
2017_07_18__12-24-27_524,APM:Copter-3.6.0-dev0,False,LocationGlobal:lat=41.519408;lon=-86.24;alt=0.01,LocationGlobalRelative:lat=41.519408;lon=-86.24;alt=0.01,LocationLocal:north=None;east=None;down=None,Attitude:pitch=0.000289216521196;yaw=0.0277909375727;roll=7.03980840626e-05,[0.0; 0.0; 0.01],GPSInfo:fix=6;num_sat=10,0.00281796208583,0.0,Gimbal: pitch=None; roll=None; yaw=None,Battery:voltage=12.587;current=0.0;level=100,False,0.461702,Rangefinder: distance=None; voltage=None,None,None,1,False,STANDBY,STABILIZE,False
2017_07_18__12-24-27_625,APM:Copter-3.6.0-dev0,False,LocationGlobal:lat=41.519408;lon=-86.24;alt=0.01,LocationGlobalRelative:lat=41.519408;lon=-86.24;alt=0.01,LocationLocal:north=None;east=None;down=None,Attitude:pitch=0.000243883172516;yaw=0.0258014108986;roll=6.56942866044e-05,[0.0; 0.0; 0.01],GPSInfo:fix=6;num_sat=10,0.00235232105479,0.0,Gimbal: pitch=None; roll=None; yaw=None,Battery:voltage=12.587;current=0.0;level=100,False,0.567313,Rangefinder: distance=None; voltage=None,None,None,1,False,STANDBY,STABILIZE,False
2017_07_18__12-24-27_725,APM:Copter-3.6.0-dev0,False,LocationGlobal:lat=41.519408;lon=-86.24;alt=0.01,LocationGlobalRelative:lat=41.519408;lon=-86.24;alt=0.01,LocationLocal:north=None;east=None;down=None,Attitude:pitch=0.000243883172516;yaw=0.0258014108986;roll=6.56942866044e-05,[0.0; 0.0; 0.01],GPSInfo:fix=6;num_sat=10,0.00235232105479,0.0,Gimbal: pitch=None; roll=None; yaw=None,Battery:voltage=12.587;current=0.0;level=100,False,0.668238,Rangefinder: distance=None; voltage=None,None,None,1,False,STANDBY,STABILIZE,False
2017_07_18__12-24-27_824,APM:Copter-3.6.0-dev0,False,LocationGlobal:lat=41.519408;lon=-86.24;alt=0.01,LocationGlobalRelative:lat=41.519408;lon=-86.24;alt=0.01,LocationLocal:north=None;east=None;down=None,Attitude:pitch=0.000204974086955;yaw=0.0240701604635;roll=5.54259495402e-05,[0.0; 0.0; 0.01],GPSInfo:fix=6;num_sat=10,0.00191713054664,0.0,Gimbal: pitch=None; roll=None; yaw=None,Battery:voltage=12.587;current=0.0;level=100,False,0.769287,Rangefinder: distance=None; voltage=None,None,None,1,False,STANDBY,STABILIZE,False
2017_07_18__12-24-27_924,APM:Copter-3.6.0-dev0,False,LocationGlobal:lat=41.519408;lon=-86.24;alt=0.01,LocationGlobalRelative:lat=41.519408;lon=-86.24;alt=0.01,LocationLocal:north=None;east=None;down=None,Attitude:pitch=0.000204974086955;yaw=0.0240701604635;roll=5.54259495402e-05,[0.0; 0.0; 0.01],GPSInfo:fix=6;num_sat=10,0.00191713054664,0.0,Gimbal: pitch=None; roll=None; yaw=None,Battery:voltage=12.587;current=0.0;level=100,False,0.871811,Rangefinder: distance=None; voltage=None,None,None,1,False,STANDBY,STABILIZE,False
2017_07_18__12-24-28_024,APM:Copter-3.6.0-dev0,False,LocationGlobal:lat=41.519408;lon=-86.24;alt=0.01,LocationGlobalRelative:lat=41.519408;lon=-86.24;alt=0.01,LocationLocal:north=None;east=None;down=None,Attitude:pitch=0.000185528042493;yaw=0.0225853510201;roll=4.61547824671e-05,[0.0; 0.0; 0.01],GPSInfo:fix=6;num_sat=10,0.00147755024955,0.0,Gimbal: pitch=None; roll=None; yaw=None,Battery:voltage=12.587;current=0.0;level=100,False,0.972991,Rangefinder: distance=None; voltage=None,None,None,1,False,STANDBY,STABILIZE,False
2017_07_18__12-24-28_125,APM:Copter-3.6.0-dev0,False,LocationGlobal:lat=41.519408;lon=-86.24;alt=0.01,LocationGlobalRelative:lat=41.519408;lon=-86.24;alt=0.01,LocationLocal:north=None;east=None;down=None,Attitude:pitch=0.000185528042493;yaw=0.0225853510201;roll=4.61547824671e-05,[0.0; 0.0; 0.01],GPSInfo:fix=6;num_sat=10,0.00147755024955,0.0,Gimbal: pitch=None; roll=None; yaw=None,Battery:voltage=12.587;current=0.0;level=100,False,0.050593,Rangefinder: distance=None; voltage=None,None,None,1,False,STANDBY,STABILIZE,False
2017_07_18__12-24-28_224,APM:Copter-3.6.0-dev0,False,LocationGlobal:lat=41.519408;lon=-86.24;alt=0.01,LocationGlobalRelative:lat=41.519408;lon=-86.24;alt=0.01,LocationLocal:north=None;east=None;down=None,Attitude:pitch=0.000185528042493;yaw=0.0225853510201;roll=4.61547824671e-05,[0.0; 0.0; 0.01],GPSInfo:fix=6;num_sat=10,0.00147755024955,0.0,Gimbal: pitch=None; roll=None; yaw=None,Battery:voltage=12.587;current=0.0;level=100,False,0.151914,Rangefinder: distance=None; voltage=None,None,None,1,False,STANDBY,STABILIZE,False
2017_07_18__12-24-28_324,APM:Copter-3.6.0-dev0,False,LocationGlobal:lat=41.519408;lon=-86.24;alt=0.01,LocationGlobalRelative:lat=41.519408;lon=-86.24;alt=0.01,LocationLocal:north=None;east=None;down=None,Attitude:pitch=0.000174898435944;yaw=0.0213225800544;roll=4.94434752909e-05,[0.0; 0.0; 0.01],GPSInfo:fix=6;num_sat=10,0.001138726715,0.0,Gimbal: pitch=None; roll=None; yaw=None,Battery:voltage=12.587;current=0.0;level=100,False,0.252766,Rangefinder: distance=None; voltage=None,None,None,1,False,STANDBY,STABILIZE,False
2017_07_18__12-24-28_425,APM:Copter-3.6.0-dev0,False,LocationGlobal:lat=41.519408;lon=-86.24;alt=0.01,LocationGlobalRelative:lat=41.519408;lon=-86.24;alt=0.01,LocationLocal:north=None;east=None;down=None,Attitude:pitch=0.000174898435944;yaw=0.0213225800544;roll=4.94434752909e-05,[0.0; 0.0; 0.01],GPSInfo:fix=6;num_sat=10,0.001138726715,0.0,Gimbal: pitch=None; roll=None; yaw=None,Battery:voltage=12.587;current=0.0;level=100,False,0.355363,Rangefinder: distance=None; voltage=None,None,None,1,False,STANDBY,STABILIZE,False
2017_07_18__12-24-28_525,APM:Copter-3.6.0-dev0,False,LocationGlobal:lat=41.519408;lon=-86.24;alt=0.01,LocationGlobalRelative:lat=41.519408;lon=-86.24;alt=0.01,LocationLocal:north=None;east=None;down=None,Attitude:pitch=0.000176034736796;yaw=0.0202628690749;roll=6.27302360954e-05,[0.0; 0.0; 0.01],GPSInfo:fix=6;num_sat=10,0.001101763919,0.0,Gimbal: pitch=None; roll=None; yaw=None,Battery:voltage=12.587;current=0.0;level=100,False,0.456811,Rangefinder: distance=None; voltage=None,None,None,1,False,STANDBY,STABILIZE,False
2017_07_18__12-24-28_624,APM:Copter-3.6.0-dev0,False,LocationGlobal:lat=41.519408;lon=-86.24;alt=0.01,LocationGlobalRelative:lat=41.519408;lon=-86.24;alt=0.01,LocationLocal:north=None;east=None;down=None,Attitude:pitch=0.000176034736796;yaw=0.0202628690749;roll=6.27302360954e-05,[0.0; 0.0; 0.01],GPSInfo:fix=6;num_sat=10,0.001101763919,0.0,Gimbal: pitch=None; roll=None; yaw=None,Battery:voltage=12.587;current=0.0;level=100,False,0.559772,Rangefinder: distance=None; voltage=None,None,None,1,False,STANDBY,STABILIZE,False
2017_07_18__12-24-28_725,APM:Copter-3.6.0-dev0,False,LocationGlobal:lat=41.519408;lon=-86.24;alt=0.01,LocationGlobalRelative:lat=41.519408;lon=-86.24;alt=0.01,LocationLocal:north=None;east=None;down=None,Attitude:pitch=0.000176034736796;yaw=0.0202628690749;roll=6.27302360954e-05,[0.0; 0.0; 0.01],GPSInfo:fix=6;num_sat=10,0.001101763919,0.0,Gimbal: pitch=None; roll=None; yaw=None,Battery:voltage=12.587;current=0.0;level=100,False,0.661052,Rangefinder: distance=None; voltage=None,None,None,1,False,STANDBY,STABILIZE,False
2017_07_18__12-24-28_824,APM:Copter-3.6.0-dev0,False,LocationGlobal:lat=41.519408;lon=-86.24;alt=0.01,LocationGlobalRelative:lat=41.519408;lon=-86.24;alt=0.01,LocationLocal:north=None;east=None;down=None,Attitude:pitch=0.00016654713545;yaw=0.0193687062711;roll=5.8218727645e-05,[0.0; 0.0; 0.01],GPSInfo:fix=6;num_sat=10,0.00127230794169,0.0,Gimbal: pitch=None; roll=None; yaw=None,Battery:voltage=12.587;current=0.0;level=100,False,0.764015,Rangefinder: distance=None; voltage=None,None,None,1,False,STANDBY,STABILIZE,False
2017_07_18__12-24-28_925,APM:Copter-3.6.0-dev0,False,LocationGlobal:lat=41.519408;lon=-86.24;alt=0.01,LocationGlobalRelative:lat=41.519408;lon=-86.24;alt=0.01,LocationLocal:north=None;east=None;down=None,Attitude:pitch=0.00016654713545;yaw=0.0193687062711;roll=5.8218727645e-05,[0.0; 0.0; 0.01],GPSInfo:fix=6;num_sat=10,0.00127230794169,0.0,Gimbal: pitch=None; roll=None; yaw=None,Battery:voltage=12.587;current=0.0;level=100,False,0.864991,Rangefinder: distance=None; voltage=None,None,None,1,False,STANDBY,STABILIZE,False
2017_07_18__12-24-29_025,APM:Copter-3.6.0-dev0,False,LocationGlobal:lat=41.519408;lon=-86.24;alt=0.01,LocationGlobalRelative:lat=41.519408;lon=-86.24;alt=0.01,LocationLocal:north=None;east=None;down=None,Attitude:pitch=0.00016058977053;yaw=0.0186164490879;roll=5.88912007515e-05,[0.0; 0.0; 0.01],GPSInfo:fix=6;num_sat=10,0.00137515238021,0.0,Gimbal: pitch=None; roll=None; yaw=None,Battery:voltage=12.587;current=0.0;level=100,False,0.967035,Rangefinder: distance=None; voltage=None,None,None,1,False,STANDBY,STABILIZE,False
2017_07_18__12-24-29_124,APM:Copter-3.6.0-dev0,False,LocationGlobal:lat=41.519408;lon=-86.24;alt=0.01,LocationGlobalRelative:lat=41.519408;lon=-86.24;alt=0.01,LocationLocal:north=None;east=None;down=None,Attitude:pitch=0.00016058977053;yaw=0.0186164490879;roll=5.88912007515e-05,[0.0; 0.0; 0.01],GPSInfo:fix=6;num_sat=10,0.00137515238021,0.0,Gimbal: pitch=None; roll=None; yaw=None,Battery:voltage=12.587;current=0.0;level=100,False,0.101152,Rangefinder: distance=None; voltage=None,None,None,1,False,STANDBY,STABILIZE,False
2017_07_18__12-24-29_224,APM:Copter-3.6.0-dev0,False,LocationGlobal:lat=41.519408;lon=-86.24;alt=0.01,LocationGlobalRelative:lat=41.519408;lon=-86.24;alt=0.01,LocationLocal:north=None;east=None;down=None,Attitude:pitch=0.000157809598022;yaw=0.0180174205452;roll=7.46563455323e-05,[0.0; 0.0; 0.01],GPSInfo:fix=6;num_sat=10,0.00149048818275,0.0,Gimbal: pitch=None; roll=None; yaw=None,Battery:voltage=12.587;current=0.0;level=100,False,0.202333,Rangefinder: distance=None; voltage=None,None,None,1,False,STANDBY,STABILIZE,False
2017_07_18__12-24-29_324,APM:Copter-3.6.0-dev0,False,LocationGlobal:lat=41.519408;lon=-86.24;alt=0.01,LocationGlobalRelative:lat=41.519408;lon=-86.24;alt=0.01,LocationLocal:north=None;east=None;down=None,Attitude:pitch=0.000157809598022;yaw=0.0180174205452;roll=7.46563455323e-05,[0.0; 0.0; 0.01],GPSInfo:fix=6;num_sat=10,0.00149048818275,0.0,Gimbal: pitch=None; roll=None; yaw=None,Battery:voltage=12.587;current=0.0;level=100,False,0.30517,Rangefinder: distance=None; voltage=None,None,None,1,False,STANDBY,STABILIZE,False
2017_07_18__12-24-29_424,APM:Copter-3.6.0-dev0,False,LocationGlobal:lat=41.519408;lon=-86.24;alt=0.01,LocationGlobalRelative:lat=41.519408;lon=-86.24;alt=0.01,LocationLocal:north=None;east=None;down=None,Attitude:pitch=0.000157809598022;yaw=0.0180174205452;roll=7.46563455323e-05,[0.0; 0.0; 0.01],GPSInfo:fix=6;num_sat=10,0.00149048818275,0.0,Gimbal: pitch=None; roll=None; yaw=None,Battery:voltage=12.587;current=0.0;level=100,False,0.40634,Rangefinder: distance=None; voltage=None,None,None,1,False,STANDBY,STABILIZE,False
2017_07_18__12-24-29_525,APM:Copter-3.6.0-dev0,False,LocationGlobal:lat=41.519408;lon=-86.24;alt=0.01,LocationGlobalRelative:lat=41.519408;lon=-86.24;alt=0.01,LocationLocal:north=None;east=None;down=None,Attitude:pitch=0.000141768803587;yaw=0.0175195373595;roll=8.11494974187e-05,[0.0; 0.0; 0.01],GPSInfo:fix=6;num_sat=10,0.00154033454601,0.0,Gimbal: pitch=None; roll=None; yaw=None,Battery:voltage=12.587;current=0.0;level=100,False,0.508999,Rangefinder: distance=None; voltage=None,None,None,1,False,STANDBY,STABILIZE,False
2017_07_18__12-24-29_624,APM:Copter-3.6.0-dev0,False,LocationGlobal:lat=41.519408;lon=-86.24;alt=0.01,LocationGlobalRelative:lat=41.519408;lon=-86.24;alt=0.01,LocationLocal:north=None;east=None;down=None,Attitude:pitch=0.000141768803587;yaw=0.0175195373595;roll=8.11494974187e-05,[0.0; 0.0; 0.01],GPSInfo:fix=6;num_sat=10,0.00154033454601,0.0,Gimbal: pitch=None; roll=None; yaw=None,Battery:voltage=12.587;current=0.0;level=100,False,0.609912,Rangefinder: distance=None; voltage=None,None,None,1,False,STANDBY,STABILIZE,False
2017_07_18__12-24-29_724,APM:Copter-3.6.0-dev0,False,LocationGlobal:lat=41.519408;lon=-86.24;alt=0.01,LocationGlobalRelative:lat=41.519408;lon=-86.24;alt=0.01,LocationLocal:north=None;east=None;down=None,Attitude:pitch=0.00015817701933;yaw=0.0171430092305;roll=8.63573077368e-05,[0.0; 0.0; 0.0],GPSInfo:fix=6;num_sat=10,0.00171994732227,0.0,Gimbal: pitch=None; roll=None; yaw=None,Battery:voltage=12.587;current=0.0;level=100,False,0.712151,Rangefinder: distance=None; voltage=None,None,None,0,False,STANDBY,STABILIZE,False
2017_07_18__12-24-29_824,APM:Copter-3.6.0-dev0,False,LocationGlobal:lat=41.519408;lon=-86.24;alt=0.01,LocationGlobalRelative:lat=41.519408;lon=-86.24;alt=0.01,LocationLocal:north=None;east=None;down=None,Attitude:pitch=0.00015817701933;yaw=0.0171430092305;roll=8.63573077368e-05,[0.0; 0.0; 0.0],GPSInfo:fix=6;num_sat=10,0.00171994732227,0.0,Gimbal: pitch=None; roll=None; yaw=None,Battery:voltage=12.587;current=0.0;level=100,False,0.813587,Rangefinder: distance=None; voltage=None,None,None,0,False,STANDBY,STABILIZE,False
2017_07_18__12-24-29_925,APM:Copter-3.6.0-dev0,False,LocationGlobal:lat=41.519408;lon=-86.24;alt=0.01,LocationGlobalRelative:lat=41.519408;lon=-86.24;alt=0.01,LocationLocal:north=None;east=None;down=None,Attitude:pitch=0.00015817701933;yaw=0.0171430092305;roll=8.63573077368e-05,[0.0; 0.0; 0.0],GPSInfo:fix=6;num_sat=10,0.00171994732227,0.0,Gimbal: pitch=None; roll=None; yaw=None,Battery:voltage=12.587;current=0.0;level=100,False,0.915035,Rangefinder: distance=None; voltage=None,None,None,0,False,STANDBY,STABILIZE,False
2017_07_18__12-24-30_024,APM:Copter-3.6.0-dev0,False,LocationGlobal:lat=41.519408;lon=-86.24;alt=0.01,LocationGlobalRelative:lat=41.519408;lon=-86.24;alt=0.01,LocationLocal:north=None;east=None;down=None,Attitude:pitch=0.000159508810611;yaw=0.0168454945087;roll=9.46425934671e-05,[0.0; 0.0; 0.0],GPSInfo:fix=6;num_sat=10,0.00193047884386,0.0,Gimbal: pitch=None; roll=None; yaw=None,Battery:voltage=12.587;current=0.0;level=100,False,0.973959,Rangefinder: distance=None; voltage=None,None,None,0,False,STANDBY,STABILIZE,False
2017_07_18__12-24-30_126,APM:Copter-3.6.0-dev0,False,LocationGlobal:lat=41.519408;lon=-86.24;alt=0.01,LocationGlobalRelative:lat=41.519408;lon=-86.24;alt=0.01,LocationLocal:north=None;east=None;down=None,Attitude:pitch=0.000159508810611;yaw=0.0168454945087;roll=9.46425934671e-05,[0.0; 0.0; 0.0],GPSInfo:fix=6;num_sat=10,0.00193047884386,0.0,Gimbal: pitch=None; roll=None; yaw=None,Battery:voltage=12.587;current=0.0;level=100,False,0.050483,Rangefinder: distance=None; voltage=None,None,None,0,False,STANDBY,STABILIZE,False
2017_07_18__12-24-30_224,APM:Copter-3.6.0-dev0,False,LocationGlobal:lat=41.519408;lon=-86.24;alt=0.01,LocationGlobalRelative:lat=41.519408;lon=-86.24;alt=0.01,LocationLocal:north=None;east=None;down=None,Attitude:pitch=0.000161534611834;yaw=0.0166277885437;roll=9.9408585811e-05,[0.0; 0.0; 0.0],GPSInfo:fix=6;num_sat=10,0.00195658160374,0.0,Gimbal: pitch=None; roll=None; yaw=None,Battery:voltage=12.587;current=0.0;level=100,False,0.153138,Rangefinder: distance=None; voltage=None,None,None,0,False,STANDBY,STABILIZE,False
2017_07_18__12-24-30_325,APM:Copter-3.6.0-dev0,False,LocationGlobal:lat=41.519408;lon=-86.24;alt=0.01,LocationGlobalRelative:lat=41.519408;lon=-86.24;alt=0.01,LocationLocal:north=None;east=None;down=None,Attitude:pitch=0.000161534611834;yaw=0.0166277885437;roll=9.9408585811e-05,[0.0; 0.0; 0.0],GPSInfo:fix=6;num_sat=10,0.00195658160374,0.0,Gimbal: pitch=None; roll=None; yaw=None,Battery:voltage=12.587;current=0.0;level=100,False,0.254549,Rangefinder: distance=None; voltage=None,None,None,0,False,STANDBY,STABILIZE,False
2017_07_18__12-24-30_424,APM:Copter-3.6.0-dev0,False,LocationGlobal:lat=41.519408;lon=-86.24;alt=0.01,LocationGlobalRelative:lat=41.519408;lon=-86.24;alt=0.01,LocationLocal:north=None;east=None;down=None,Attitude:pitch=0.000170535931829;yaw=0.0164862591773;roll=0.000106008898001,[0.0; 0.0; 0.0],GPSInfo:fix=6;num_sat=10,0.00207968731411,0.0,Gimbal: pitch=None; roll=None; yaw=None,Battery:voltage=12.587;current=0.0;level=100,False,0.35578,Rangefinder: distance=None; voltage=None,None,None,0,False,STANDBY,STABILIZE,False
2017_07_18__12-24-30_525,APM:Copter-3.6.0-dev0,False,LocationGlobal:lat=41.519408;lon=-86.24;alt=0.01,LocationGlobalRelative:lat=41.519408;lon=-86.24;alt=0.01,LocationLocal:north=None;east=None;down=None,Attitude:pitch=0.000170535931829;yaw=0.0164862591773;roll=0.000106008898001,[0.0; 0.0; 0.0],GPSInfo:fix=6;num_sat=10,0.00207968731411,0.0,Gimbal: pitch=None; roll=None; yaw=None,Battery:voltage=12.587;current=0.0;level=100,False,0.458742,Rangefinder: distance=None; voltage=None,None,None,0,False,STANDBY,STABILIZE,False
2017_07_18__12-24-30_624,APM:Copter-3.6.0-dev0,False,LocationGlobal:lat=41.519408;lon=-86.24;alt=0.01,LocationGlobalRelative:lat=41.519408;lon=-86.24;alt=0.01,LocationLocal:north=None;east=None;down=None,Attitude:pitch=0.000170535931829;yaw=0.0164862591773;roll=0.000106008898001,[0.0; 0.0; 0.0],GPSInfo:fix=6;num_sat=10,0.00207968731411,0.0,Gimbal: pitch=None; roll=None; yaw=None,Battery:voltage=12.587;current=0.0;level=100,False,0.559959,Rangefinder: distance=None; voltage=None,None,None,0,False,STANDBY,STABILIZE,False
2017_07_18__12-24-30_724,APM:Copter-3.6.0-dev0,False,LocationGlobal:lat=41.519408;lon=-86.24;alt=0.01,LocationGlobalRelative:lat=41.519408;lon=-86.24;alt=0.01,LocationLocal:north=None;east=None;down=None,Attitude:pitch=0.000182414893061;yaw=0.0163957346231;roll=0.000121068529552,[0.0; 0.0; 0.0],GPSInfo:fix=6;num_sat=10,0.0021970171947,0.0,Gimbal: pitch=None; roll=None; yaw=None,Battery:voltage=12.587;current=0.0;level=100,False,0.662462,Rangefinder: distance=None; voltage=None,None,None,0,False,STANDBY,STABILIZE,False
2017_07_18__12-24-30_824,APM:Copter-3.6.0-dev0,False,LocationGlobal:lat=41.519408;lon=-86.24;alt=0.01,LocationGlobalRelative:lat=41.519408;lon=-86.24;alt=0.01,LocationLocal:north=None;east=None;down=None,Attitude:pitch=0.000182414893061;yaw=0.0163957346231;roll=0.000121068529552,[0.0; 0.0; 0.0],GPSInfo:fix=6;num_sat=10,0.0021970171947,0.0,Gimbal: pitch=None; roll=None; yaw=None,Battery:voltage=12.587;current=0.0;level=100,False,0.763665,Rangefinder: distance=None; voltage=None,None,None,0,False,STANDBY,STABILIZE,False
2017_07_18__12-24-30_925,APM:Copter-3.6.0-dev0,False,LocationGlobal:lat=41.519408;lon=-86.24;alt=0.01,LocationGlobalRelative:lat=41.519408;lon=-86.24;alt=0.01,LocationLocal:north=None;east=None;down=None,Attitude:pitch=0.000190571212443;yaw=0.0163470227271;roll=0.00013661502453,[0.0; 0.0; 0.0],GPSInfo:fix=6;num_sat=10,0.00230490951799,0.0,Gimbal: pitch=None; roll=None; yaw=None,Battery:voltage=12.587;current=0.0;level=100,False,0.865031,Rangefinder: distance=None; voltage=None,None,None,0,False,STANDBY,STABILIZE,False
2017_07_18__12-24-31_026,APM:Copter-3.6.0-dev0,False,LocationGlobal:lat=41.519408;lon=-86.24;alt=0.01,LocationGlobalRelative:lat=41.519408;lon=-86.24;alt=0.01,LocationLocal:north=None;east=None;down=None,Attitude:pitch=0.000190571212443;yaw=0.0163470227271;roll=0.00013661502453,[0.0; 0.0; 0.0],GPSInfo:fix=6;num_sat=10,0.00230490951799,0.0,Gimbal: pitch=None; roll=None; yaw=None,Battery:voltage=12.587;current=0.0;level=100,False,0.968734,Rangefinder: distance=None; voltage=None,None,None,0,False,STANDBY,STABILIZE,False
2017_07_18__12-24-31_124,APM:Copter-3.6.0-dev0,False,LocationGlobal:lat=41.519408;lon=-86.24;alt=0.01,LocationGlobalRelative:lat=41.519408;lon=-86.24;alt=0.01,LocationLocal:north=None;east=None;down=None,Attitude:pitch=0.000190571212443;yaw=0.0163470227271;roll=0.00013661502453,[0.0; 0.0; 0.0],GPSInfo:fix=6;num_sat=10,0.00230490951799,0.0,Gimbal: pitch=None; roll=None; yaw=None,Battery:voltage=12.587;current=0.0;level=100,False,0.100993,Rangefinder: distance=None; voltage=None,None,None,0,False,STANDBY,STABILIZE,False
2017_07_18__12-24-31_224,APM:Copter-3.6.0-dev0,False,LocationGlobal:lat=41.519408;lon=-86.24;alt=0.0,LocationGlobalRelative:lat=41.519408;lon=-86.24;alt=0.0,LocationLocal:north=None;east=None;down=None,Attitude:pitch=0.000199184039957;yaw=0.0163294803351;roll=0.00014748016838,[0.0; 0.0; 0.0],GPSInfo:fix=6;num_sat=10,0.0025535018649,0.0,Gimbal: pitch=None; roll=None; yaw=None,Battery:voltage=12.587;current=0.0;level=100,False,0.204111,Rangefinder: distance=None; voltage=None,None,None,0,False,STANDBY,STABILIZE,False
2017_07_18__12-24-31_325,APM:Copter-3.6.0-dev0,False,LocationGlobal:lat=41.519408;lon=-86.24;alt=0.0,LocationGlobalRelative:lat=41.519408;lon=-86.24;alt=0.0,LocationLocal:north=None;east=None;down=None,Attitude:pitch=0.000199184039957;yaw=0.0163294803351;roll=0.00014748016838,[0.0; 0.0; 0.0],GPSInfo:fix=6;num_sat=10,0.0025535018649,0.0,Gimbal: pitch=None; roll=None; yaw=None,Battery:voltage=12.587;current=0.0;level=100,False,0.305116,Rangefinder: distance=None; voltage=None,None,None,0,False,STANDBY,STABILIZE,False
2017_07_18__12-24-31_426,APM:Copter-3.6.0-dev0,False,LocationGlobal:lat=41.519408;lon=-86.24;alt=0.0,LocationGlobalRelative:lat=41.519408;lon=-86.24;alt=0.0,LocationLocal:north=None;east=None;down=None,Attitude:pitch=0.000217134889681;yaw=0.0163566228002;roll=0.000145334590343,[0.0; 0.0; 0.0],GPSInfo:fix=6;num_sat=10,0.00262761954218,0.0,Gimbal: pitch=None; roll=None; yaw=None,Battery:voltage=12.587;current=0.0;level=100,False,0.407812,Rangefinder: distance=None; voltage=None,None,None,0,False,STANDBY,STABILIZE,False
2017_07_18__12-24-31_524,APM:Copter-3.6.0-dev0,False,LocationGlobal:lat=41.519408;lon=-86.24;alt=0.0,LocationGlobalRelative:lat=41.519408;lon=-86.24;alt=0.0,LocationLocal:north=None;east=None;down=None,Attitude:pitch=0.000217134889681;yaw=0.0163566228002;roll=0.000145334590343,[0.0; 0.0; 0.0],GPSInfo:fix=6;num_sat=10,0.00262761954218,0.0,Gimbal: pitch=None; roll=None; yaw=None,Battery:voltage=12.587;current=0.0;level=100,False,0.508865,Rangefinder: distance=None; voltage=None,None,None,0,False,STANDBY,STABILIZE,False
2017_07_18__12-24-31_625,APM:Copter-3.6.0-dev0,False,LocationGlobal:lat=41.519408;lon=-86.24;alt=0.0,LocationGlobalRelative:lat=41.519408;lon=-86.24;alt=0.0,LocationLocal:north=None;east=None;down=None,Attitude:pitch=0.0002383782994;yaw=0.016416657716;roll=0.00014921836555,[0.0; 0.0; 0.0],GPSInfo:fix=6;num_sat=10,0.00289319991134,0.0,Gimbal: pitch=None; roll=None; yaw=None,Battery:voltage=12.587;current=0.0;level=100,False,0.610166,Rangefinder: distance=None; voltage=None,None,None,0,False,STANDBY,STABILIZE,False
2017_07_18__12-24-31_725,APM:Copter-3.6.0-dev0,False,LocationGlobal:lat=41.519408;lon=-86.24;alt=0.0,LocationGlobalRelative:lat=41.519408;lon=-86.24;alt=0.0,LocationLocal:north=None;east=None;down=None,Attitude:pitch=0.0002383782994;yaw=0.016416657716;roll=0.00014921836555,[0.0; 0.0; 0.0],GPSInfo:fix=6;num_sat=10,0.00289319991134,0.0,Gimbal: pitch=None; roll=None; yaw=None,Battery:voltage=12.587;current=0.0;level=100,False,0.712908,Rangefinder: distance=None; voltage=None,None,None,0,False,STANDBY,STABILIZE,False
2017_07_18__12-24-31_827,APM:Copter-3.6.0-dev0,False,LocationGlobal:lat=41.519408;lon=-86.24;alt=0.0,LocationGlobalRelative:lat=41.519408;lon=-86.24;alt=0.0,LocationLocal:north=None;east=None;down=None,Attitude:pitch=0.0002383782994;yaw=0.016416657716;roll=0.00014921836555,[0.0; 0.0; 0.0],GPSInfo:fix=6;num_sat=10,0.00289319991134,0.0,Gimbal: pitch=None; roll=None; yaw=None,Battery:voltage=12.587;current=0.0;level=100,False,0.814198,Rangefinder: distance=None; voltage=None,None,None,0,False,STANDBY,STABILIZE,False
2017_07_18__12-24-31_924,APM:Copter-3.6.0-dev0,False,LocationGlobal:lat=41.519408;lon=-86.24;alt=0.0,LocationGlobalRelative:lat=41.519408;lon=-86.24;alt=0.0,LocationLocal:north=None;east=None;down=None,Attitude:pitch=0.000258815824054;yaw=0.0164964087307;roll=0.000164422381204,[0.0; 0.0; 0.0],GPSInfo:fix=6;num_sat=10,0.00306499679573,0.0,Gimbal: pitch=None; roll=None; yaw=None,Battery:voltage=12.587;current=0.0;level=100,False,0.916547,Rangefinder: distance=None; voltage=None,None,None,0,False,STANDBY,STABILIZE,False
2017_07_18__12-24-32_025,APM:Copter-3.6.0-dev0,False,LocationGlobal:lat=41.519408;lon=-86.24;alt=0.0,LocationGlobalRelative:lat=41.519408;lon=-86.24;alt=0.0,LocationLocal:north=None;east=None;down=None,Attitude:pitch=0.000258815824054;yaw=0.0164964087307;roll=0.000164422381204,[0.0; 0.0; 0.0],GPSInfo:fix=6;num_sat=10,0.00306499679573,0.0,Gimbal: pitch=None; roll=None; yaw=None,Battery:voltage=12.587;current=0.0;level=100,False,1.017773,Rangefinder: distance=None; voltage=None,None,None,0,False,STANDBY,STABILIZE,False
2017_07_18__12-24-32_124,APM:Copter-3.6.0-dev0,False,LocationGlobal:lat=41.519408;lon=-86.24;alt=0.0,LocationGlobalRelative:lat=41.519408;lon=-86.24;alt=0.0,LocationLocal:north=None;east=None;down=None,Attitude:pitch=0.000272771547316;yaw=0.0166115853935;roll=0.000184187971172,[0.0; 0.0; 0.0],GPSInfo:fix=6;num_sat=10,0.00332256103866,0.0,Gimbal: pitch=None; roll=None; yaw=None,Battery:voltage=12.587;current=0.0;level=100,False,0.10112,Rangefinder: distance=None; voltage=None,None,None,0,False,STANDBY,STABILIZE,False
2017_07_18__12-24-32_225,APM:Copter-3.6.0-dev0,False,LocationGlobal:lat=41.519408;lon=-86.24;alt=0.0,LocationGlobalRelative:lat=41.519408;lon=-86.24;alt=0.0,LocationLocal:north=None;east=None;down=None,Attitude:pitch=0.000272771547316;yaw=0.0166115853935;roll=0.000184187971172,[0.0; 0.0; 0.0],GPSInfo:fix=6;num_sat=10,0.00332256103866,0.0,Gimbal: pitch=None; roll=None; yaw=None,Battery:voltage=12.587;current=0.0;level=100,False,0.204309,Rangefinder: distance=None; voltage=None,None,None,0,False,STANDBY,STABILIZE,False
2017_07_18__12-24-32_325,APM:Copter-3.6.0-dev0,False,LocationGlobal:lat=41.519408;lon=-86.24;alt=0.0,LocationGlobalRelative:lat=41.519408;lon=-86.24;alt=0.0,LocationLocal:north=None;east=None;down=None,Attitude:pitch=0.000272771547316;yaw=0.0166115853935;roll=0.000184187971172,[0.0; 0.0; 0.0],GPSInfo:fix=6;num_sat=10,0.00332256103866,0.0,Gimbal: pitch=None; roll=None; yaw=None,Battery:voltage=12.587;current=0.0;level=100,False,0.257472,Rangefinder: distance=None; voltage=None,None,None,0,False,STANDBY,STABILIZE,False
2017_07_18__12-24-32_424,APM:Copter-3.6.0-dev0,False,LocationGlobal:lat=41.519408;lon=-86.24;alt=0.0,LocationGlobalRelative:lat=41.519408;lon=-86.24;alt=0.0,LocationLocal:north=None;east=None;down=None,Attitude:pitch=0.000287779781502;yaw=0.0167592149228;roll=0.000191400482436,[0.0; 0.0; 0.0],GPSInfo:fix=6;num_sat=10,0.00354426517151,0.0,Gimbal: pitch=None; roll=None; yaw=None,Battery:voltage=12.587;current=0.0;level=100,False,0.362753,Rangefinder: distance=None; voltage=None,None,None,0,False,STANDBY,STABILIZE,False
2017_07_18__12-24-32_525,APM:Copter-3.6.0-dev0,False,LocationGlobal:lat=41.519408;lon=-86.24;alt=0.0,LocationGlobalRelative:lat=41.519408;lon=-86.24;alt=0.0,LocationLocal:north=None;east=None;down=None,Attitude:pitch=0.000287779781502;yaw=0.0167592149228;roll=0.000191400482436,[0.0; 0.0; 0.0],GPSInfo:fix=6;num_sat=10,0.00354426517151,0.0,Gimbal: pitch=None; roll=None; yaw=None,Battery:voltage=12.587;current=0.0;level=100,False,0.464025,Rangefinder: distance=None; voltage=None,None,None,0,False,STANDBY,STABILIZE,False
2017_07_18__12-24-32_624,APM:Copter-3.6.0-dev0,False,LocationGlobal:lat=41.519408;lon=-86.24;alt=0.0,LocationGlobalRelative:lat=41.519408;lon=-86.24;alt=0.0,LocationLocal:north=None;east=None;down=None,Attitude:pitch=0.000300675397739;yaw=0.016929153353;roll=0.000200066642719,[0.0; 0.0; 0.0],GPSInfo:fix=6;num_sat=10,0.00384812173434,0.0,Gimbal: pitch=None; roll=None; yaw=None,Battery:voltage=12.587;current=0.0;level=100,False,0.566827,Rangefinder: distance=None; voltage=None,None,None,0,False,STANDBY,STABILIZE,False
2017_07_18__12-24-32_725,APM:Copter-3.6.0-dev0,False,LocationGlobal:lat=41.519408;lon=-86.24;alt=0.0,LocationGlobalRelative:lat=41.519408;lon=-86.24;alt=0.0,LocationLocal:north=None;east=None;down=None,Attitude:pitch=0.000300675397739;yaw=0.016929153353;roll=0.000200066642719,[0.0; 0.0; 0.0],GPSInfo:fix=6;num_sat=10,0.00384812173434,0.0,Gimbal: pitch=None; roll=None; yaw=None,Battery:voltage=12.587;current=0.0;level=100,False,0.667886,Rangefinder: distance=None; voltage=None,None,None,0,False,STANDBY,STABILIZE,False
2017_07_18__12-24-32_825,APM:Copter-3.6.0-dev0,False,LocationGlobal:lat=41.519408;lon=-86.24;alt=0.0,LocationGlobalRelative:lat=41.519408;lon=-86.24;alt=0.0,LocationLocal:north=None;east=None;down=None,Attitude:pitch=0.000312610703986;yaw=0.0171002298594;roll=0.000213209816138,[0.0; 0.0; 0.0],GPSInfo:fix=6;num_sat=10,0.00425929063931,0.0,Gimbal: pitch=None; roll=None; yaw=None,Battery:voltage=12.587;current=0.0;level=100,False,0.76931,Rangefinder: distance=None; voltage=None,None,None,0,False,STANDBY,STABILIZE,False
2017_07_18__12-24-32_924,APM:Copter-3.6.0-dev0,False,LocationGlobal:lat=41.519408;lon=-86.24;alt=0.0,LocationGlobalRelative:lat=41.519408;lon=-86.24;alt=0.0,LocationLocal:north=None;east=None;down=None,Attitude:pitch=0.000312610703986;yaw=0.0171002298594;roll=0.000213209816138,[0.0; 0.0; 0.0],GPSInfo:fix=6;num_sat=10,0.00425929063931,0.0,Gimbal: pitch=None; roll=None; yaw=None,Battery:voltage=12.587;current=0.0;level=100,False,0.872463,Rangefinder: distance=None; voltage=None,None,None,0,False,STANDBY,STABILIZE,False
2017_07_18__12-24-33_025,APM:Copter-3.6.0-dev0,False,LocationGlobal:lat=41.519408;lon=-86.24;alt=0.0,LocationGlobalRelative:lat=41.519408;lon=-86.24;alt=0.0,LocationLocal:north=None;east=None;down=None,Attitude:pitch=0.000312610703986;yaw=0.0171002298594;roll=0.000213209816138,[0.0; 0.0; 0.0],GPSInfo:fix=6;num_sat=10,0.00425929063931,0.0,Gimbal: pitch=None; roll=None; yaw=None,Battery:voltage=12.587;current=0.0;level=100,False,0.973748,Rangefinder: distance=None; voltage=None,None,None,0,False,STANDBY,STABILIZE,False
2017_07_18__12-24-33_124,APM:Copter-3.6.0-dev0,False,LocationGlobal:lat=41.519408;lon=-86.24;alt=0.0,LocationGlobalRelative:lat=41.519408;lon=-86.24;alt=0.0,LocationLocal:north=None;east=None;down=None,Attitude:pitch=0.000329473376041;yaw=0.0172693859786;roll=0.000228251257795,[0.0; 0.0; 0.0],GPSInfo:fix=6;num_sat=10,0.00458375457674,0.0,Gimbal: pitch=None; roll=None; yaw=None,Battery:voltage=12.587;current=0.0;level=100,False,0.102285,Rangefinder: distance=None; voltage=None,None,None,0,False,STANDBY,STABILIZE,False
2017_07_18__12-24-33_225,APM:Copter-3.6.0-dev0,False,LocationGlobal:lat=41.519408;lon=-86.24;alt=0.0,LocationGlobalRelative:lat=41.519408;lon=-86.24;alt=0.0,LocationLocal:north=None;east=None;down=None,Attitude:pitch=0.000329473376041;yaw=0.0172693859786;roll=0.000228251257795,[0.0; 0.0; 0.0],GPSInfo:fix=6;num_sat=10,0.00458375457674,0.0,Gimbal: pitch=None; roll=None; yaw=None,Battery:voltage=12.587;current=0.0;level=100,False,0.203344,Rangefinder: distance=None; voltage=None,None,None,0,False,STANDBY,STABILIZE,False
2017_07_18__12-24-33_324,APM:Copter-3.6.0-dev0,False,LocationGlobal:lat=41.519408;lon=-86.24;alt=0.0,LocationGlobalRelative:lat=41.519408;lon=-86.24;alt=0.0,LocationLocal:north=None;east=None;down=None,Attitude:pitch=0.000354891875759;yaw=0.0174294728786;roll=0.000230866193306,[0.0; 0.0; 0.0],GPSInfo:fix=6;num_sat=10,0.00504638440907,0.0,Gimbal: pitch=None; roll=None; yaw=None,Battery:voltage=12.587;current=0.0;level=100,False,0.304552,Rangefinder: distance=None; voltage=None,None,None,0,False,STANDBY,STABILIZE,False
2017_07_18__12-24-33_425,APM:Copter-3.6.0-dev0,False,LocationGlobal:lat=41.519408;lon=-86.24;alt=0.0,LocationGlobalRelative:lat=41.519408;lon=-86.24;alt=0.0,LocationLocal:north=None;east=None;down=None,Attitude:pitch=0.000354891875759;yaw=0.0174294728786;roll=0.000230866193306,[0.0; 0.0; 0.0],GPSInfo:fix=6;num_sat=10,0.00504638440907,0.0,Gimbal: pitch=None; roll=None; yaw=None,Battery:voltage=12.587;current=0.0;level=100,False,0.41042,Rangefinder: distance=None; voltage=None,None,None,0,False,STANDBY,STABILIZE,False
2017_07_18__12-24-33_525,APM:Copter-3.6.0-dev0,False,LocationGlobal:lat=41.519408;lon=-86.24;alt=0.0,LocationGlobalRelative:lat=41.519408;lon=-86.24;alt=0.0,LocationLocal:north=None;east=None;down=None,Attitude:pitch=0.000361638929462;yaw=0.0176108684391;roll=0.000238565276959,[0.0; 0.0; 0.0],GPSInfo:fix=6;num_sat=10,0.00537313520908,0.0,Gimbal: pitch=None; roll=None; yaw=None,Battery:voltage=12.587;current=0.0;level=100,False,0.511645,Rangefinder: distance=None; voltage=None,None,None,1,False,STANDBY,STABILIZE,False
2017_07_18__12-24-33_625,APM:Copter-3.6.0-dev0,False,LocationGlobal:lat=41.519408;lon=-86.24;alt=0.0,LocationGlobalRelative:lat=41.519408;lon=-86.24;alt=0.0,LocationLocal:north=None;east=None;down=None,Attitude:pitch=0.000361638929462;yaw=0.0176108684391;roll=0.000238565276959,[0.0; 0.0; 0.0],GPSInfo:fix=6;num_sat=10,0.00537313520908,0.0,Gimbal: pitch=None; roll=None; yaw=None,Battery:voltage=12.587;current=0.0;level=100,False,0.613948,Rangefinder: distance=None; voltage=None,None,None,1,False,STANDBY,STABILIZE,False
2017_07_18__12-24-33_725,APM:Copter-3.6.0-dev0,False,LocationGlobal:lat=41.519408;lon=-86.24;alt=0.0,LocationGlobalRelative:lat=41.519408;lon=-86.24;alt=0.0,LocationLocal:north=None;east=None;down=None,Attitude:pitch=0.000361638929462;yaw=0.0176108684391;roll=0.000238565276959,[0.0; 0.0; 0.0],GPSInfo:fix=6;num_sat=10,0.00537313520908,0.0,Gimbal: pitch=None; roll=None; yaw=None,Battery:voltage=12.587;current=0.0;level=100,False,0.71534,Rangefinder: distance=None; voltage=None,None,None,1,False,STANDBY,STABILIZE,False
2017_07_18__12-24-33_828,APM:Copter-3.6.0-dev0,False,LocationGlobal:lat=41.519408;lon=-86.24;alt=0.09,LocationGlobalRelative:lat=41.519408;lon=-86.24;alt=0.09,LocationLocal:north=None;east=None;down=None,Attitude:pitch=0.000371666305;yaw=0.017799988389;roll=0.00025826349156,[0.0; 0.0; 0.0],GPSInfo:fix=6;num_sat=10,0.00579626252875,0.0,Gimbal: pitch=None; roll=None; yaw=None,Battery:voltage=12.587;current=0.0;level=100,False,0.818771,Rangefinder: distance=None; voltage=None,None,None,1,False,STANDBY,STABILIZE,False
2017_07_18__12-24-33_925,APM:Copter-3.6.0-dev0,False,LocationGlobal:lat=41.519408;lon=-86.24;alt=0.09,LocationGlobalRelative:lat=41.519408;lon=-86.24;alt=0.09,LocationLocal:north=None;east=None;down=None,Attitude:pitch=0.000371666305;yaw=0.017799988389;roll=0.00025826349156,[0.0; 0.0; 0.0],GPSInfo:fix=6;num_sat=10,0.00579626252875,0.0,Gimbal: pitch=None; roll=None; yaw=None,Battery:voltage=12.587;current=0.0;level=100,False,0.919638,Rangefinder: distance=None; voltage=None,None,None,1,False,STANDBY,STABILIZE,False
2017_07_18__12-24-34_025,APM:Copter-3.6.0-dev0,False,LocationGlobal:lat=41.519408;lon=-86.24;alt=0.09,LocationGlobalRelative:lat=41.519408;lon=-86.24;alt=0.09,LocationLocal:north=None;east=None;down=None,Attitude:pitch=0.000384823710192;yaw=0.0180008057505;roll=0.00025800667936,[0.0; 0.0; 0.0],GPSInfo:fix=6;num_sat=10,0.00623521162197,0.0,Gimbal: pitch=None; roll=None; yaw=None,Battery:voltage=12.587;current=0.0;level=100,False,1.020973,Rangefinder: distance=None; voltage=None,None,None,1,False,STANDBY,STABILIZE,False
2017_07_18__12-24-34_125,APM:Copter-3.6.0-dev0,False,LocationGlobal:lat=41.519408;lon=-86.24;alt=0.09,LocationGlobalRelative:lat=41.519408;lon=-86.24;alt=0.09,LocationLocal:north=None;east=None;down=None,Attitude:pitch=0.000384823710192;yaw=0.0180008057505;roll=0.00025800667936,[0.0; 0.0; 0.0],GPSInfo:fix=6;num_sat=10,0.00623521162197,0.0,Gimbal: pitch=None; roll=None; yaw=None,Battery:voltage=12.587;current=0.0;level=100,False,0.101153,Rangefinder: distance=None; voltage=None,None,None,1,False,STANDBY,STABILIZE,False
2017_07_18__12-24-34_224,APM:Copter-3.6.0-dev0,False,LocationGlobal:lat=41.519408;lon=-86.24;alt=0.09,LocationGlobalRelative:lat=41.519408;lon=-86.24;alt=0.09,LocationLocal:north=None;east=None;down=None,Attitude:pitch=0.000384823710192;yaw=0.0180008057505;roll=0.00025800667936,[0.0; 0.0; 0.0],GPSInfo:fix=6;num_sat=10,0.00623521162197,0.0,Gimbal: pitch=None; roll=None; yaw=None,Battery:voltage=12.587;current=0.0;level=100,False,0.202576,Rangefinder: distance=None; voltage=None,None,None,1,False,STANDBY,STABILIZE,False
2017_07_18__12-24-34_326,APM:Copter-3.6.0-dev0,False,LocationGlobal:lat=41.519408;lon=-86.24;alt=0.09,LocationGlobalRelative:lat=41.519408;lon=-86.24;alt=0.09,LocationLocal:north=None;east=None;down=None,Attitude:pitch=0.000388620479498;yaw=0.018207391724;roll=0.000264320784481,[0.0; 0.0; 0.0],GPSInfo:fix=6;num_sat=10,0.00645044026896,0.0,Gimbal: pitch=None; roll=None; yaw=None,Battery:voltage=12.587;current=0.0;level=100,False,0.306055,Rangefinder: distance=None; voltage=None,None,None,1,False,STANDBY,STABILIZE,False
2017_07_18__12-24-34_425,APM:Copter-3.6.0-dev0,False,LocationGlobal:lat=41.519408;lon=-86.24;alt=0.09,LocationGlobalRelative:lat=41.519408;lon=-86.24;alt=0.09,LocationLocal:north=None;east=None;down=None,Attitude:pitch=0.000388620479498;yaw=0.018207391724;roll=0.000264320784481,[0.0; 0.0; 0.0],GPSInfo:fix=6;num_sat=10,0.00645044026896,0.0,Gimbal: pitch=None; roll=None; yaw=None,Battery:voltage=12.587;current=0.0;level=100,False,0.407081,Rangefinder: distance=None; voltage=None,None,None,1,False,STANDBY,STABILIZE,False
2017_07_18__12-24-34_525,APM:Copter-3.6.0-dev0,False,LocationGlobal:lat=41.519408;lon=-86.24;alt=0.09,LocationGlobalRelative:lat=41.519408;lon=-86.24;alt=0.09,LocationLocal:north=None;east=None;down=None,Attitude:pitch=0.000404127495131;yaw=0.0184386745095;roll=0.000281323067611,[0.0; 0.0; 0.0],GPSInfo:fix=6;num_sat=10,0.0067179906182,0.0,Gimbal: pitch=None; roll=None; yaw=None,Battery:voltage=12.587;current=0.0;level=100,False,0.460612,Rangefinder: distance=None; voltage=None,None,None,1,False,STANDBY,STABILIZE,False
2017_07_18__12-24-34_624,APM:Copter-3.6.0-dev0,False,LocationGlobal:lat=41.519408;lon=-86.24;alt=0.09,LocationGlobalRelative:lat=41.519408;lon=-86.24;alt=0.09,LocationLocal:north=None;east=None;down=None,Attitude:pitch=0.000404127495131;yaw=0.0184386745095;roll=0.000281323067611,[0.0; 0.0; 0.0],GPSInfo:fix=6;num_sat=10,0.0067179906182,0.0,Gimbal: pitch=None; roll=None; yaw=None,Battery:voltage=12.587;current=0.0;level=100,False,0.563946,Rangefinder: distance=None; voltage=None,None,None,1,False,STANDBY,STABILIZE,False
2017_07_18__12-24-34_725,APM:Copter-3.6.0-dev0,False,LocationGlobal:lat=41.519408;lon=-86.24;alt=0.09,LocationGlobalRelative:lat=41.519408;lon=-86.24;alt=0.09,LocationLocal:north=None;east=None;down=None,Attitude:pitch=0.000404127495131;yaw=0.0184386745095;roll=0.000281323067611,[0.0; 0.0; 0.0],GPSInfo:fix=6;num_sat=10,0.0067179906182,0.0,Gimbal: pitch=None; roll=None; yaw=None,Battery:voltage=12.587;current=0.0;level=100,False,0.665206,Rangefinder: distance=None; voltage=None,None,None,1,False,STANDBY,STABILIZE,False
2017_07_18__12-24-34_826,APM:Copter-3.6.0-dev0,False,LocationGlobal:lat=41.519408;lon=-86.24;alt=0.09,LocationGlobalRelative:lat=41.519408;lon=-86.24;alt=0.09,LocationLocal:north=None;east=None;down=None,Attitude:pitch=0.000407586456276;yaw=0.0186408348382;roll=0.000291505682981,[0.0; 0.0; 0.0],GPSInfo:fix=6;num_sat=10,0.0070205302909,0.0,Gimbal: pitch=None; roll=None; yaw=None,Battery:voltage=12.587;current=0.0;level=100,False,0.767924,Rangefinder: distance=None; voltage=None,None,None,1,False,STANDBY,STABILIZE,False
2017_07_18__12-24-34_924,APM:Copter-3.6.0-dev0,False,LocationGlobal:lat=41.519408;lon=-86.24;alt=0.09,LocationGlobalRelative:lat=41.519408;lon=-86.24;alt=0.09,LocationLocal:north=None;east=None;down=None,Attitude:pitch=0.000407586456276;yaw=0.0186408348382;roll=0.000291505682981,[0.0; 0.0; 0.0],GPSInfo:fix=6;num_sat=10,0.0070205302909,0.0,Gimbal: pitch=None; roll=None; yaw=None,Battery:voltage=12.587;current=0.0;level=100,False,0.869331,Rangefinder: distance=None; voltage=None,None,None,1,False,STANDBY,STABILIZE,False
2017_07_18__12-24-35_024,APM:Copter-3.6.0-dev0,False,LocationGlobal:lat=41.519408;lon=-86.24;alt=0.09,LocationGlobalRelative:lat=41.519408;lon=-86.24;alt=0.09,LocationLocal:north=None;east=None;down=None,Attitude:pitch=0.000410958105931;yaw=0.0188449081033;roll=0.000290037045488,[0.0; 0.0; 0.0],GPSInfo:fix=6;num_sat=10,0.00733176665381,0.0,Gimbal: pitch=None; roll=None; yaw=None,Battery:voltage=12.587;current=0.0;level=100,False,0.971058,Rangefinder: distance=None; voltage=None,None,None,1,False,STANDBY,STABILIZE,False
2017_07_18__12-24-35_125,APM:Copter-3.6.0-dev0,False,LocationGlobal:lat=41.519408;lon=-86.24;alt=0.09,LocationGlobalRelative:lat=41.519408;lon=-86.24;alt=0.09,LocationLocal:north=None;east=None;down=None,Attitude:pitch=0.000410958105931;yaw=0.0188449081033;roll=0.000290037045488,[0.0; 0.0; 0.0],GPSInfo:fix=6;num_sat=10,0.00733176665381,0.0,Gimbal: pitch=None; roll=None; yaw=None,Battery:voltage=12.587;current=0.0;level=100,False,0.050299,Rangefinder: distance=None; voltage=None,None,None,1,False,STANDBY,STABILIZE,False
2017_07_18__12-24-35_224,APM:Copter-3.6.0-dev0,False,LocationGlobal:lat=41.519408;lon=-86.24;alt=0.09,LocationGlobalRelative:lat=41.519408;lon=-86.24;alt=0.09,LocationLocal:north=None;east=None;down=None,Attitude:pitch=0.00041924539255;yaw=0.0190397948027;roll=0.000302798027406,[0.0; 0.0; 0.0],GPSInfo:fix=6;num_sat=10,0.00774928880855,0.0,Gimbal: pitch=None; roll=None; yaw=None,Battery:voltage=12.587;current=0.0;level=100,False,0.151523,Rangefinder: distance=None; voltage=None,None,None,1,False,STANDBY,STABILIZE,False
2017_07_18__12-24-35_325,APM:Copter-3.6.0-dev0,False,LocationGlobal:lat=41.519408;lon=-86.24;alt=0.09,LocationGlobalRelative:lat=41.519408;lon=-86.24;alt=0.09,LocationLocal:north=None;east=None;down=None,Attitude:pitch=0.00041924539255;yaw=0.0190397948027;roll=0.000302798027406,[0.0; 0.0; 0.0],GPSInfo:fix=6;num_sat=10,0.00774928880855,0.0,Gimbal: pitch=None; roll=None; yaw=None,Battery:voltage=12.587;current=0.0;level=100,False,0.254683,Rangefinder: distance=None; voltage=None,None,None,1,False,STANDBY,STABILIZE,False
2017_07_18__12-24-35_425,APM:Copter-3.6.0-dev0,False,LocationGlobal:lat=41.519408;lon=-86.24;alt=0.09,LocationGlobalRelative:lat=41.519408;lon=-86.24;alt=0.09,LocationLocal:north=None;east=None;down=None,Attitude:pitch=0.00041924539255;yaw=0.0190397948027;roll=0.000302798027406,[0.0; 0.0; 0.0],GPSInfo:fix=6;num_sat=10,0.00774928880855,0.0,Gimbal: pitch=None; roll=None; yaw=None,Battery:voltage=12.587;current=0.0;level=100,False,0.356212,Rangefinder: distance=None; voltage=None,None,None,1,False,STANDBY,STABILIZE,False
